ORDERID,CUSTOMERID,SALESPERSON,ORDERPLACEDTIMESTAMP,ORDERSTATUS,UPDATEDAT
1,260,Maxwell Irwin,2018-02-25T08:22:07Z,returned,2023-05-20T08:22:26.097Z
2,230,Savannah Head,2019-02-11T17:32:42Z,returned,2019-02-14T22:33:16.099Z
3,492,Paul Short,2020-10-10T06:38:03Z,placed,2020-10-22T09:38:37.066Z
4,289,Shad Calhoun,2020-12-24T02:19:13Z,returned,2020-12-30T22:19:21.054Z
5,265,Honorato Riddle,2019-07-13T12:16:45Z,shipped,2019-07-17T11:17:07.043Z
6,209,Kaye Hewitt,2018-01-18T20:11:33Z,placed,2018-01-22T23:12:43.032Z
7,218,Josephine Dunlap,2018-04-09T10:54:04Z,shipped,2018-04-17T09:54:25.06Z
8,100,Ivory Merrill,2021-01-31T17:11:41Z,shipped,2021-02-03T18:13:01.029Z
9,149,Fritz Harvey,2021-12-07T09:53:28Z,placed,2021-12-16T10:53:38.084Z
10,273,Sopoline Shelton,2018-04-18T21:09:23Z,shipped,2018-04-23T12:10:33.073Z
11,31,Alika Grimes,2019-09-09T15:21:28Z,returned,2019-09-13T04:21:42.005Z
12,45,Alice Santiago,2018-05-10T19:35:32Z,shipped,2018-05-14T23:36:07.007Z
13,110,Wyatt Foreman,2018-06-15T07:06:19Z,shipped,2018-06-26T16:07:31.012Z
14,494,Kelsie Pittman,2021-11-11T12:34:37Z,shipped,2021-11-17T09:35:47.075Z
15,51,Prescott Mueller,2021-03-01T08:27:11Z,shipped,2021-03-05T09:28:25.02Z
16,446,Kiona Stafford,2021-05-02T13:13:48Z,returned,2021-05-14T20:14:40.088Z
17,106,Kelsie Graham,2021-06-11T08:47:38Z,shipped,2021-06-16T12:48:33.041Z
18,49,Yuli Justice,2018-09-05T04:24:36Z,shipped,2018-09-08T22:25:36.095Z
19,488,Kasimir Reynolds,2020-02-14T01:36:13Z,returned,2020-02-24T20:36:37.023Z
20,218,Suki Head,2020-05-19T12:57:27Z,placed,2020-05-24T00:57:28.043Z
21,214,Nyssa Cain,2020-03-06T08:26:31Z,returned,2020-03-19T19:27:41.004Z
22,168,Mechelle Patton,2018-07-21T22:22:43Z,shipped,2018-07-28T18:24:19.06Z
23,495,Amena Nichols,2019-07-04T14:02:45Z,returned,2019-07-06T22:02:58.073Z
24,459,Nathan Simpson,2019-09-05T20:48:04Z,placed,2019-09-12T05:49:29.034Z
25,248,Phillip Lindsey,2021-01-24T04:05:33Z,placed,2021-01-30T20:06:46.074Z
26,418,Steven Wilkinson,2018-03-21T09:33:52Z,shipped,2018-03-27T06:34:36.086Z
27,265,Hedley Shannon,2020-06-07T20:48:27Z,placed,2020-06-11T11:49:50.028Z
28,332,Andrew Walker,2020-11-05T17:37:20Z,shipped,2020-11-11T20:38:12.09Z
29,408,Eagan Gould,2019-01-11T01:51:47Z,shipped,2019-01-15T19:52:40.015Z
30,166,Mohammad Beach,2019-02-23T05:11:26Z,placed,2019-02-28T16:12:37.097Z
31,445,Curran Levine,2018-07-13T00:00:36Z,placed,2018-07-24T04:01:58.001Z
32,281,Isabelle Rasmussen,2021-04-27T06:54:05Z,returned,2021-05-09T02:55:38.082Z
33,125,Avram Whitfield,2019-06-23T00:07:36Z,shipped,2019-07-03T17:08:49.083Z
34,201,Alfreda Solomon,2020-09-11T11:37:36Z,shipped,2020-09-18T14:37:38.094Z
35,165,Wylie Osborne,2019-03-01T12:48:38Z,shipped,2019-03-14T04:49:50.021Z
36,72,Sybill Higgins,2021-12-23T02:42:53Z,returned,2021-12-31T02:43:11.075Z
37,321,Owen Bartlett,2018-12-08T13:38:23Z,shipped,2018-12-10T17:38:59.03Z
38,61,Eugenia Conley,2020-09-11T01:11:36Z,shipped,2020-09-25T04:12:34.044Z
39,113,Veda Roach,2020-03-18T18:05:04Z,returned,2020-04-01T03:06:16.017Z
40,215,Vielka Anthony,2019-05-06T17:41:38Z,returned,2019-05-11T07:41:58.029Z
41,174,Jolene Hopkins,2020-02-10T01:42:20Z,placed,2020-02-17T17:43:14.036Z
42,154,Sade Lewis,2019-02-14T17:09:05Z,shipped,2019-02-23T16:09:45.077Z
43,413,Plato Davidson,2019-11-12T02:18:46Z,shipped,2019-11-17T23:20:16.082Z
44,459,Hiroko Dillard,2019-05-06T07:18:19Z,placed,2019-05-15T21:19:17.052Z
45,106,McKenzie Whitley,2019-04-19T03:10:21Z,shipped,2019-04-25T01:10:28.04Z
46,102,Devin Hodges,2018-11-13T03:28:09Z,shipped,2018-11-23T18:29:37.022Z
47,367,Rashad Horne,2021-02-23T04:29:09Z,placed,2021-02-28T11:30:33.025Z
48,195,Guinevere Dunlap,2018-12-01T14:13:21Z,placed,2018-12-06T16:14:38.043Z
49,257,Danielle Wilkins,2021-01-06T04:59:35Z,returned,2021-01-10T05:01:11.076Z
50,489,Theodore Odom,2018-02-17T10:48:15Z,placed,2018-03-03T11:48:25.013Z
51,420,Skyler Kirby,2020-01-29T21:09:51Z,returned,2020-02-03T15:09:59.076Z
52,307,Neville Anthony,2019-04-08T17:42:21Z,shipped,2019-04-13T05:43:18.019Z
53,325,Shad Jackson,2019-11-04T19:30:48Z,returned,2019-11-10T16:32:22.025Z
54,304,Olympia Smith,2021-09-22T14:50:02Z,returned,2021-09-30T15:51:25.086Z
55,189,Finn Cardenas,2021-03-23T13:30:55Z,shipped,2021-03-30T00:31:59.045Z
56,357,Zane Spence,2019-10-31T03:11:46Z,shipped,2019-11-11T10:12:56.019Z
57,262,Sarah Morrison,2018-06-16T03:58:16Z,shipped,2018-06-21T11:59:13.071Z
58,91,Jonas Delgado,2021-12-20T17:40:13Z,shipped,2021-12-29T13:40:45.063Z
59,138,Jena Gutierrez,2021-08-22T13:44:15Z,shipped,2021-09-03T13:45:47.08Z
60,261,Nathan Hawkins,2020-05-23T00:00:13Z,shipped,2020-06-03T09:00:18.034Z
61,264,Zachery Singleton,2020-10-07T04:01:34Z,shipped,2020-10-19T02:02:31.004Z
62,324,Wylie Lowery,2018-02-12T17:49:24Z,shipped,2018-02-17T18:50:15.057Z
63,139,Farrah Rose,2021-12-04T20:01:29Z,shipped,2023-05-20T08:22:26.097Z
64,478,Dylan Boone,2018-03-23T13:44:16Z,returned,2018-04-02T02:45:52.079Z
65,378,Jordan Chen,2019-06-17T00:41:26Z,returned,2019-06-20T01:41:56.066Z
66,489,Lamar Riley,2018-01-28T10:34:02Z,shipped,2018-01-31T15:34:03.079Z
67,2,Connor Moreno,2019-09-11T02:20:23Z,shipped,2019-09-19T11:20:39.009Z
68,42,Ulla Schwartz,2020-01-14T23:46:44Z,placed,2020-01-22T14:47:54.089Z
69,9,Leo Clayton,2020-07-24T11:35:45Z,shipped,2020-08-03T01:36:45.021Z
70,194,Branden Fowler,2021-02-15T16:29:00Z,shipped,2021-02-18T23:29:30.009Z
71,152,Neil Pacheco,2021-04-15T12:14:30Z,placed,2021-04-23T05:15:40.032Z
72,435,Sylvia Perry,2021-07-12T11:03:12Z,shipped,2021-07-22T09:04:28.096Z
73,368,Zenia York,2020-03-04T04:25:16Z,returned,2020-03-13T23:26:43.079Z
74,86,Kyla Morin,2018-09-14T20:02:35Z,shipped,2018-09-26T16:03:59.081Z
75,268,Savannah Chaney,2019-11-25T07:41:50Z,returned,2019-11-27T09:43:23.014Z
76,41,Roanna Lynn,2020-09-07T23:13:25Z,shipped,2020-09-16T02:14:43.013Z
77,317,Reagan Holmes,2021-03-10T16:42:16Z,returned,2021-03-14T04:43:43.087Z
78,146,Nissim Sexton,2020-09-16T14:25:24Z,placed,2020-09-22T17:26:27.017Z
79,83,Cassady Silva,2021-04-07T09:47:37Z,shipped,2021-04-13T10:47:48.083Z
80,93,Shaeleigh Rojas,2020-04-27T22:47:46Z,returned,2020-05-09T16:48:10.095Z
81,142,Bryar Cameron,2020-04-14T02:32:14Z,shipped,2020-04-28T00:33:15.085Z
82,392,Rogan Golden,2018-12-16T11:19:57Z,shipped,2018-12-25T07:21:02.073Z
83,407,Isaac Mcintyre,2018-09-08T06:42:35Z,shipped,2018-09-20T10:43:00.085Z
84,430,Briar Gates,2019-06-12T07:49:52Z,shipped,2019-06-17T01:51:09.042Z
85,365,Branden Vaughan,2018-06-09T05:33:02Z,shipped,2018-06-21T00:34:09.054Z
86,352,Karly Gray,2019-01-24T12:40:02Z,shipped,2019-02-02T07:41:41.051Z
87,85,Gary Santos,2018-06-15T05:08:15Z,shipped,2018-06-28T13:09:21.089Z
88,262,Neve Gibson,2020-10-26T19:34:29Z,shipped,2020-10-30T06:34:34.063Z
89,66,Gary Fleming,2020-01-12T03:51:07Z,placed,2020-01-17T15:52:15.092Z
90,437,Lacey Lindsey,2019-03-04T03:43:00Z,shipped,2019-03-09T04:43:01.035Z
91,35,Judah Yang,2020-01-08T12:44:36Z,returned,2020-01-12T16:45:52.016Z
92,172,Barclay Duffy,2021-11-09T13:43:40Z,shipped,2021-11-18T04:44:29.016Z
93,423,Adria Contreras,2021-11-18T15:37:53Z,placed,2021-11-21T16:38:08.006Z
94,282,India Tran,2020-08-08T02:57:28Z,returned,2020-08-10T02:58:14.097Z
95,145,Simon Harris,2020-08-22T09:22:50Z,shipped,2020-08-29T00:23:58.004Z
96,396,Alfonso Ortega,2018-05-06T07:19:00Z,returned,2018-05-08T01:19:51.058Z
97,428,Kyla Dominguez,2019-07-07T07:22:33Z,returned,2019-07-15T21:23:54.03Z
98,455,Simon Cochran,2020-11-09T12:55:25Z,shipped,2020-11-17T15:56:20.05Z
99,257,Quail Wilkerson,2021-03-25T23:58:22Z,returned,2021-04-01T22:58:48.03Z
100,308,Malik Doyle,2020-09-11T11:55:04Z,shipped,2020-09-15T16:55:49.093Z
101,242,Driscoll Leach,2020-06-06T22:48:04Z,placed,2020-06-12T17:49:31.089Z
102,176,Avram Collier,2018-04-09T07:11:11Z,shipped,2018-04-13T01:12:06.089Z
103,139,Anjolie Graves,2020-07-03T02:38:23Z,shipped,2020-07-10T17:39:39.018Z
104,310,David Horne,2018-02-04T02:09:25Z,placed,2018-02-12T12:10:49.008Z
105,273,Fallon Coleman,2018-05-31T15:43:02Z,shipped,2018-06-09T22:44:07.033Z
106,403,Dominique Anthony,2018-07-29T01:23:20Z,shipped,2018-08-04T03:24:58.02Z
107,229,Mohammad Ellis,2019-11-03T23:27:13Z,placed,2019-11-08T19:27:38.031Z
108,141,Aidan Davidson,2018-02-03T22:03:28Z,shipped,2018-02-08T15:04:16.096Z
109,75,Xaviera Campos,2021-11-18T08:27:03Z,returned,2021-11-27T06:27:06.045Z
110,137,Aurora Knight,2019-05-25T22:56:16Z,shipped,2019-06-03T01:57:55.085Z
111,99,Danielle Leblanc,2020-11-25T10:44:26Z,placed,2020-12-01T04:46:01.013Z
112,191,Illana Patrick,2020-08-06T21:39:59Z,placed,2020-08-15T10:40:40.077Z
113,75,Bevis Mooney,2020-12-08T22:44:06Z,placed,2020-12-13T11:44:35.08Z
114,489,Adara Duncan,2018-11-28T08:54:07Z,placed,2018-12-01T17:55:08.071Z
115,48,Edward Bridges,2019-04-21T08:44:29Z,placed,2019-04-26T21:44:33.066Z
116,254,Erin Mercado,2019-10-24T19:48:47Z,shipped,2019-11-04T16:50:18.008Z
117,115,Joshua Wallace,2018-02-08T12:36:29Z,returned,2018-02-12T18:37:24.092Z
118,113,Barbara Manning,2019-02-12T16:36:58Z,returned,2019-02-19T23:37:03.051Z
119,190,Uta Riddle,2019-06-24T06:55:04Z,shipped,2019-06-28T15:56:38.01Z
120,142,Coby Woods,2018-10-15T03:39:02Z,placed,2018-10-23T19:39:12.049Z
121,127,Brenna Hughes,2019-05-30T17:33:20Z,placed,2019-06-08T21:34:06.076Z
122,251,Buckminster Preston,2019-12-04T20:55:58Z,returned,2019-12-15T00:56:11.059Z
123,151,Jared Stafford,2020-01-11T17:29:56Z,shipped,2020-01-14T07:30:43.1Z
124,216,Hermione Contreras,2021-01-01T06:43:22Z,shipped,2021-01-05T20:43:34.055Z
125,218,Sawyer Hickman,2019-03-09T19:19:42Z,placed,2019-03-20T22:21:00.035Z
126,179,Fiona Velasquez,2021-08-09T22:13:23Z,placed,2021-08-20T04:13:38.085Z
127,402,Alan Battle,2019-10-07T07:55:50Z,placed,2019-10-13T19:56:34.046Z
128,315,Ferris Kinney,2020-11-14T02:23:40Z,returned,2020-11-27T06:25:12.014Z
129,205,Chancellor Cunningham,2020-08-03T17:57:45Z,returned,2020-08-11T02:58:40.033Z
130,283,Giacomo Albert,2019-04-25T05:48:17Z,returned,2019-04-27T14:49:34.039Z
131,241,Rowan Henderson,2020-11-13T03:56:50Z,placed,2020-11-18T07:57:25.034Z
132,234,Courtney Burgess,2021-03-29T08:42:13Z,shipped,2021-04-05T14:42:42.064Z
133,161,Alvin Lawrence,2018-02-22T09:47:42Z,shipped,2018-03-03T21:49:19.052Z
134,362,Chanda Hardy,2019-10-03T05:43:35Z,returned,2019-10-08T05:45:08.098Z
135,278,Leilani Aguilar,2019-10-04T10:56:03Z,shipped,2019-10-13T19:56:14.08Z
136,491,Tana Reed,2018-05-05T18:46:22Z,shipped,2018-05-15T10:46:32.036Z
137,352,Reese Cline,2020-04-26T12:17:21Z,returned,2020-04-27T21:17:34.082Z
138,158,Caesar Roth,2020-11-18T04:06:49Z,placed,2020-11-27T16:08:07.075Z
139,286,Ivory Benson,2021-09-20T07:39:15Z,shipped,2021-09-27T14:39:55.085Z
140,454,Joel Glover,2021-04-18T18:01:51Z,shipped,2021-04-27T00:02:44.057Z
141,144,Quynn Mcguire,2019-06-23T18:18:15Z,shipped,2019-06-27T15:19:26.065Z
142,151,Ross Foster,2021-07-07T01:03:36Z,returned,2021-07-15T08:04:27.019Z
143,448,Angela Harrell,2020-09-21T04:31:28Z,shipped,2020-09-28T23:31:46.075Z
144,337,Walker Clarke,2020-05-11T12:42:18Z,shipped,2020-05-19T23:43:42.085Z
145,23,Amena Sexton,2021-01-02T03:10:37Z,returned,2021-01-10T13:11:33.089Z
146,52,Ezekiel Finch,2021-02-21T14:07:54Z,shipped,2021-03-03T11:09:10.012Z
147,63,Victor Bender,2019-06-09T04:22:20Z,shipped,2019-06-12T04:23:03.042Z
148,456,Cooper Terrell,2020-07-16T00:29:03Z,returned,2020-07-28T07:29:04.088Z
149,118,Hoyt Wilkerson,2018-07-02T12:35:53Z,returned,2018-07-14T09:36:57.065Z
150,429,Zena Mckenzie,2020-05-16T11:03:52Z,shipped,2020-05-23T14:04:16.001Z
151,470,Ariel Gaines,2018-07-21T00:22:02Z,returned,2018-07-30T20:22:03.1Z
152,347,Celeste Love,2018-11-15T06:00:33Z,shipped,2018-11-21T15:01:01.093Z
153,426,Anne Russell,2018-01-04T10:07:17Z,shipped,2018-01-06T08:08:05.014Z
154,227,Tate Knowles,2019-07-16T08:48:29Z,returned,2019-07-18T13:49:33.005Z
155,307,Nadine Cardenas,2018-06-13T01:09:31Z,returned,2018-06-17T19:09:47.058Z
156,292,Jena Crane,2020-09-24T00:43:22Z,shipped,2020-09-29T08:44:16.063Z
157,241,Dahlia Parks,2019-10-05T04:20:20Z,shipped,2019-10-10T20:21:41.056Z
158,357,Scarlett Owens,2021-11-17T08:22:51Z,returned,2021-11-21T02:24:27.083Z
159,446,Linus Hoover,2018-02-23T00:14:38Z,placed,2018-02-27T20:14:59.027Z
160,275,Sybill Vazquez,2021-02-13T07:16:01Z,placed,2021-02-16T07:16:10.093Z
161,183,Abraham Mendoza,2021-05-27T16:49:15Z,shipped,2021-06-07T00:49:46.094Z
162,154,Caleb Maxwell,2021-05-06T11:00:04Z,returned,2021-05-14T15:00:18.029Z
163,96,Slade Horn,2021-07-10T06:18:02Z,placed,2021-07-17T21:19:06.079Z
164,145,Robin Hendricks,2019-04-13T08:10:17Z,shipped,2019-04-20T06:11:50.021Z
165,239,Joan Perry,2020-11-28T20:50:13Z,shipped,2020-12-05T00:51:20.033Z
166,104,Nadine Owens,2018-10-27T10:33:22Z,shipped,2018-11-01T10:35:01.093Z
167,245,Leo Davenport,2021-05-15T20:49:47Z,returned,2021-05-25T04:50:17.059Z
168,219,Camilla Brown,2021-09-22T04:41:50Z,shipped,2021-09-30T13:41:58.073Z
169,136,Zenaida Adams,2019-01-24T22:49:56Z,returned,2019-02-05T12:50:11.015Z
170,221,Thor Mullins,2020-09-10T08:12:13Z,shipped,2020-09-20T13:13:31.005Z
171,259,Kylan Hansen,2020-05-07T08:46:30Z,returned,2020-05-13T19:47:02.011Z
172,80,Ella Barrera,2018-12-16T02:56:39Z,shipped,2018-12-26T11:56:55.004Z
173,470,Melvin Gentry,2018-02-02T10:48:32Z,returned,2018-02-09T15:49:40.067Z
174,25,Kirby Bonner,2019-12-30T13:59:41Z,shipped,2020-01-09T15:00:56.085Z
175,353,Devin O'Neill,2018-08-27T17:45:03Z,shipped,2018-08-31T21:46:37.042Z
176,500,Adele Tanner,2020-07-26T06:44:52Z,shipped,2020-07-31T03:45:13.013Z
177,404,Linus Brock,2020-09-06T21:14:19Z,shipped,2020-09-13T01:15:37.074Z
178,331,Rebekah Delaney,2020-06-16T06:01:08Z,returned,2020-06-25T09:01:30.023Z
179,362,Vivian Alexander,2019-12-28T19:58:09Z,shipped,2020-01-06T13:59:19.064Z
180,326,Jason Schneider,2018-06-13T08:43:46Z,placed,2018-06-22T12:44:42.034Z
181,178,Rhiannon Kirby,2018-10-05T08:53:39Z,placed,2018-10-09T23:54:23.027Z
182,307,Neil Good,2021-09-13T20:10:28Z,shipped,2021-09-15T22:10:54.055Z
183,143,Venus Berger,2018-03-23T00:24:29Z,shipped,2018-04-03T05:26:06.038Z
184,125,Jessica Mcleod,2018-07-04T20:01:24Z,shipped,2018-07-13T22:01:30.066Z
185,232,Francesca Morris,2019-02-28T19:55:01Z,placed,2019-03-08T10:56:36.074Z
186,124,Ori Swanson,2020-12-17T14:45:49Z,shipped,2020-12-23T16:47:17.008Z
187,7,Kellie Hayes,2021-01-10T04:46:56Z,shipped,2021-01-18T05:48:05.046Z
188,171,Caleb Rios,2021-06-19T07:03:21Z,placed,2021-06-28T17:04:34.075Z
189,402,Kameko Roach,2021-09-02T15:49:50Z,placed,2021-09-12T07:49:52.043Z
190,491,Hammett Benson,2020-02-13T05:03:57Z,shipped,2020-02-21T20:05:11.098Z
191,351,Keegan Bird,2019-03-29T19:30:44Z,shipped,2019-04-06T04:31:34.036Z
192,74,Honorato Garrett,2021-07-09T10:27:08Z,placed,2021-07-21T11:27:49.1Z
193,96,Moses Cobb,2018-11-24T10:44:23Z,shipped,2018-12-05T00:44:39.051Z
194,286,Hamish Landry,2021-06-27T18:19:38Z,shipped,2021-06-30T19:21:01.052Z
195,364,Sarah Dillon,2021-11-02T10:01:00Z,placed,2021-11-09T11:01:40.017Z
196,451,Jaime Howell,2021-10-14T07:52:05Z,shipped,2021-10-24T09:53:09.074Z
197,169,Pamela Kline,2021-05-17T06:27:11Z,shipped,2021-05-22T17:27:31.052Z
198,9,Bevis Graham,2021-01-24T14:44:55Z,shipped,2021-02-03T01:45:44.017Z
199,302,Nevada Bean,2019-02-07T12:47:12Z,placed,2019-02-13T11:47:54.09Z
200,363,Tatiana Chapman,2020-03-04T07:34:18Z,placed,2020-03-14T18:34:27.074Z
201,42,Daniel Molina,2019-01-14T16:19:31Z,shipped,2019-01-21T11:19:51.068Z
202,412,Lane Campos,2020-11-29T00:29:52Z,shipped,2020-12-08T20:29:57.068Z
203,315,Jessamine Pennington,2018-06-23T05:05:54Z,returned,2018-06-25T22:07:18.049Z
204,161,Carly Clarke,2018-06-11T05:26:46Z,placed,2018-06-18T10:28:18.051Z
205,406,Tashya Mason,2020-09-07T09:22:46Z,returned,2020-09-10T16:22:48.025Z
206,180,Hedley Hernandez,2021-06-12T20:11:51Z,placed,2021-06-17T23:12:47.1Z
207,203,Irma Duke,2020-09-30T14:30:30Z,shipped,2020-10-10T18:30:45.071Z
208,490,Dominic Lewis,2020-03-17T13:18:29Z,shipped,2020-03-30T11:19:03.048Z
209,86,Kasper Blackwell,2018-05-11T01:02:33Z,shipped,2018-05-23T20:03:07.018Z
210,341,Samuel Lowe,2021-03-28T11:21:49Z,returned,2021-04-05T23:21:55.029Z
211,92,Zeus Elliott,2019-01-24T23:40:05Z,returned,2019-01-31T21:40:27.045Z
212,158,Martha Wade,2020-01-27T07:53:22Z,shipped,2020-02-01T14:54:17.062Z
213,196,Emerald Patterson,2021-06-24T12:55:19Z,shipped,2021-07-01T02:55:33.096Z
214,497,Kameko Pierce,2020-04-14T01:46:36Z,shipped,2020-04-19T09:46:47.04Z
215,377,Kato Mendoza,2018-12-22T21:27:20Z,shipped,2018-12-27T04:28:02.059Z
216,386,Rachel Schwartz,2020-01-28T13:00:15Z,returned,2020-02-03T06:01:20.025Z
217,241,Barry Hays,2019-08-15T13:33:40Z,placed,2019-08-26T12:34:39.003Z
218,109,Brennan Molina,2020-12-04T12:44:39Z,shipped,2020-12-11T05:45:59.091Z
219,344,Moses Little,2019-07-07T22:53:21Z,shipped,2019-07-11T13:54:29.032Z
220,264,Xantha Rush,2020-11-29T03:37:50Z,shipped,2020-12-01T22:39:12.094Z
221,333,Brandon Patel,2018-05-09T19:25:16Z,shipped,2018-05-11T03:25:32.069Z
222,354,Keegan Guthrie,2019-02-18T04:53:42Z,shipped,2019-02-24T20:54:43.037Z
223,109,Carla Torres,2020-09-08T11:18:43Z,shipped,2020-09-13T10:19:02.092Z
224,275,Callie Moreno,2021-04-27T02:33:18Z,shipped,2021-05-01T00:34:48.091Z
225,138,Lydia Garrison,2018-12-15T12:32:18Z,shipped,2018-12-29T15:32:20.069Z
226,318,Marvin Beasley,2021-07-31T04:06:29Z,returned,2021-08-04T22:07:10.032Z
227,111,Kirestin Dunlap,2019-03-10T15:04:23Z,placed,2019-03-17T02:06:02.076Z
228,237,Renee Porter,2020-11-25T21:12:00Z,shipped,2020-12-05T06:12:57.1Z
229,39,Robert Garza,2018-11-24T01:05:59Z,shipped,2018-11-27T06:07:25.092Z
230,8,Melanie Middleton,2020-06-18T10:09:50Z,placed,2020-06-29T04:10:54.082Z
231,427,Zephania Cantu,2021-08-09T13:20:16Z,returned,2021-08-12T14:21:24.059Z
232,43,Demetria Sosa,2018-07-31T11:00:45Z,returned,2018-08-11T23:00:58.044Z
233,111,Camilla Sweeney,2020-05-12T22:10:42Z,shipped,2020-05-19T16:11:09.085Z
234,65,Gay Olsen,2018-11-23T10:42:46Z,returned,2018-12-03T10:44:12.077Z
235,353,Seth Hartman,2018-12-06T06:14:35Z,shipped,2018-12-12T19:15:22.057Z
236,108,Thane Crawford,2018-07-09T04:12:20Z,placed,2018-07-16T16:13:01.019Z
237,366,Jenna Pate,2021-07-02T11:17:33Z,returned,2021-07-10T21:17:55.03Z
238,463,Charde Grant,2021-03-18T20:29:10Z,shipped,2021-03-29T22:30:50.035Z
239,246,Forrest Barrera,2018-06-18T05:11:31Z,returned,2018-06-21T08:11:54.026Z
240,460,Karly Burt,2020-11-15T17:53:09Z,shipped,2020-11-28T02:53:50.01Z
241,143,Leilani Shaffer,2018-06-12T08:18:18Z,placed,2018-06-15T22:19:49.068Z
242,267,Rudyard Dejesus,2021-08-23T12:31:58Z,shipped,2021-08-30T20:32:14.065Z
243,394,Abbot Landry,2018-03-05T04:40:07Z,shipped,2018-03-13T23:40:25.072Z
244,413,Leah Bolton,2021-03-27T03:53:04Z,placed,2021-04-06T15:53:42.051Z
245,124,Chandler Kemp,2021-04-01T11:46:26Z,shipped,2021-04-10T18:47:02.099Z
246,51,Jolie Tate,2020-02-06T00:54:53Z,shipped,2020-02-17T20:55:17.08Z
247,262,Clinton Booth,2019-06-01T20:19:24Z,placed,2019-06-07T03:20:09.016Z
248,25,Buckminster Tate,2019-09-13T00:45:42Z,shipped,2019-09-22T09:46:02.044Z
249,12,Portia Matthews,2021-08-13T05:58:11Z,placed,2021-08-27T00:59:47.014Z
250,444,Drew Gay,2021-10-03T23:45:35Z,placed,2021-10-08T00:45:50.057Z
251,232,Baker Marshall,2021-06-28T02:51:06Z,shipped,2021-07-04T04:52:19.064Z
252,66,Geoffrey Stanton,2021-09-10T15:01:40Z,shipped,2021-09-13T06:02:13.073Z
253,241,Alexa Wooten,2021-05-09T15:52:51Z,shipped,2021-05-13T12:53:53.012Z
254,252,Perry Doyle,2019-02-20T07:25:10Z,returned,2019-03-01T18:25:39.052Z
255,392,Amethyst Roth,2020-10-26T09:52:51Z,shipped,2020-11-03T07:53:01.019Z
256,490,Norman Young,2020-07-30T14:52:19Z,shipped,2020-08-04T14:53:54.062Z
257,450,Mary Griffin,2021-02-06T21:11:35Z,shipped,2021-02-08T05:12:21.064Z
258,382,Shoshana Baird,2018-11-05T19:58:25Z,placed,2018-11-13T17:59:35.045Z
259,52,Zorita Peterson,2019-04-18T02:31:58Z,returned,2019-04-27T02:32:59.094Z
260,123,Hakeem Whitfield,2020-11-11T04:24:51Z,shipped,2020-11-15T09:25:43.09Z
261,405,Jonas Sexton,2019-04-20T08:30:19Z,shipped,2019-04-28T18:30:58.051Z
262,419,Cain Mckenzie,2018-05-25T23:16:09Z,placed,2018-06-04T14:17:23.071Z
263,19,Aretha Waller,2020-06-07T15:41:18Z,returned,2020-06-12T22:42:51.038Z
264,191,Perry Valdez,2020-08-25T12:23:22Z,returned,2020-09-01T03:23:56.066Z
265,101,Leslie Vazquez,2021-06-05T14:40:44Z,placed,2021-06-09T20:42:04.003Z
266,325,Jescie Peters,2021-12-08T13:54:30Z,shipped,2021-12-21T10:56:01.096Z
267,468,Kalia Ochoa,2021-01-07T13:06:03Z,shipped,2021-01-10T22:06:23.085Z
268,159,Norman Hutchinson,2020-07-18T05:32:06Z,placed,2020-07-26T18:33:39.077Z
269,332,Francis Mccullough,2020-10-25T04:54:25Z,shipped,2020-11-03T03:54:55.047Z
270,8,Louis Flores,2021-12-16T21:43:32Z,placed,2021-12-29T14:44:24.083Z
271,164,Fleur Mcclure,2018-09-22T16:35:51Z,shipped,2018-10-03T00:37:25.013Z
272,101,Britanney Jarvis,2018-10-09T00:18:08Z,shipped,2018-10-21T04:19:28.056Z
273,2,Oliver Sykes,2019-04-04T07:59:53Z,placed,2019-04-05T14:01:05.028Z
274,221,Audra Joyce,2020-01-13T21:36:03Z,shipped,2020-01-22T15:36:38.024Z
275,38,Mollie Cline,2018-06-01T10:11:33Z,shipped,2018-06-12T21:12:36.065Z
276,26,Lawrence Gilbert,2020-01-24T02:33:48Z,placed,2020-02-06T12:34:36.1Z
277,459,Tanya Durham,2021-08-03T19:34:56Z,returned,2021-08-07T07:35:26.033Z
278,183,Zeus Perkins,2019-08-31T20:29:31Z,shipped,2019-09-04T00:30:55.086Z
279,164,Zephr Brown,2020-05-12T02:02:22Z,returned,2020-05-25T00:03:47.046Z
280,117,Carl Lowery,2018-05-12T00:58:34Z,returned,2018-05-20T16:59:18.071Z
281,393,Francis Mcintyre,2018-08-01T00:33:06Z,shipped,2018-08-09T15:33:50.073Z
282,479,Ivy Mcleod,2020-03-09T15:08:11Z,shipped,2020-03-20T14:09:27.052Z
283,107,Keith Anderson,2019-08-15T05:34:57Z,shipped,2019-08-25T11:36:20.039Z
284,73,Brenden Christian,2019-09-21T06:42:03Z,shipped,2019-09-29T16:43:19.023Z
285,457,Raymond Sanders,2021-07-31T14:38:31Z,shipped,2021-08-07T03:39:38.098Z
286,139,Asher Crosby,2019-11-01T07:55:29Z,placed,2019-11-07T00:56:28.04Z
287,68,Dominic Livingston,2018-02-28T01:32:19Z,placed,2018-03-05T20:33:59.075Z
288,445,Bert Bowers,2021-03-28T04:04:19Z,shipped,2021-03-31T05:05:39.029Z
289,146,Yvette Schwartz,2019-05-11T05:38:20Z,placed,2019-05-21T04:39:57.051Z
290,216,Bethany Macdonald,2019-11-11T10:06:38Z,shipped,2019-11-19T06:07:03.062Z
291,53,Fulton Moody,2019-11-06T03:19:15Z,placed,2019-11-14T11:19:43.082Z
292,22,Frances Houston,2019-07-10T14:58:36Z,returned,2019-07-18T01:58:55.005Z
293,242,Tanek Wells,2018-07-28T19:16:40Z,shipped,2018-08-03T20:18:12.058Z
294,53,Maisie Hendrix,2018-09-01T09:16:32Z,shipped,2018-09-04T17:16:47.034Z
295,9,Yoshio Holman,2020-10-25T13:30:56Z,shipped,2020-11-02T02:32:13.01Z
296,92,Melyssa Pierce,2021-08-19T08:49:20Z,returned,2021-08-20T17:49:42.036Z
297,135,Stephanie Moreno,2020-04-06T13:05:48Z,shipped,2020-04-17T09:07:10.03Z
298,351,Emmanuel Mcfarland,2018-07-13T21:50:25Z,shipped,2018-07-16T00:51:57.045Z
299,448,Constance O'donnell,2019-01-15T22:49:41Z,shipped,2019-01-23T00:50:15.031Z
300,8,Lamar Frank,2021-08-17T03:21:06Z,placed,2021-08-27T01:21:24.085Z
301,30,Lester Mack,2019-08-26T02:09:29Z,shipped,2019-09-02T06:10:18.07Z
302,441,Curran Erickson,2020-04-18T08:42:51Z,shipped,2020-05-01T10:42:54.068Z
303,40,Sybil Dodson,2018-06-28T16:23:04Z,shipped,2018-07-06T19:24:43.015Z
304,397,Berk Alford,2020-04-05T06:56:37Z,shipped,2020-04-14T16:56:45.05Z
305,419,Elton Rodriguez,2021-08-11T01:16:41Z,returned,2021-08-17T19:17:58.092Z
306,442,Angela Mercer,2021-06-26T15:59:51Z,shipped,2021-07-01T02:00:04.087Z
307,72,Jesse Cantrell,2019-06-04T13:28:29Z,placed,2019-06-11T15:29:02.022Z
308,197,Kennan Shaw,2021-12-10T13:16:50Z,placed,2021-12-18T10:17:40.022Z
309,232,John Dawson,2021-08-01T07:40:40Z,shipped,2021-08-05T09:41:05.018Z
310,452,Dawn Pena,2018-05-02T12:50:26Z,shipped,2018-05-08T20:51:43.059Z
311,405,Keefe Rivera,2019-12-25T09:50:10Z,shipped,2020-01-02T16:50:22.085Z
312,144,Tanner Wiley,2021-06-24T06:16:43Z,returned,2021-06-30T20:17:25.024Z
313,247,Logan Gomez,2021-09-28T04:45:13Z,placed,2021-10-07T08:46:22.009Z
314,264,Mannix Hanson,2018-11-16T00:04:08Z,shipped,2018-11-21T17:04:24.065Z
315,153,Allegra Hurst,2018-02-04T14:35:50Z,placed,2018-02-10T05:36:00.072Z
316,316,Henry Santiago,2020-02-28T06:06:02Z,returned,2020-03-01T23:06:05.066Z
317,53,Vera Sheppard,2019-01-24T09:39:47Z,returned,2019-01-28T08:41:16.025Z
318,356,Kenneth Shelton,2019-10-29T19:47:10Z,returned,2019-11-08T20:48:48.09Z
319,289,Grace Cleveland,2019-01-24T22:59:26Z,placed,2019-02-07T11:00:11.092Z
320,467,Jana Cantrell,2021-07-15T19:20:56Z,shipped,2021-07-28T14:22:01.062Z
321,346,Sylvester Cooley,2018-07-02T03:38:08Z,shipped,2018-07-14T00:39:30.068Z
322,385,Carly Campbell,2021-07-09T01:40:21Z,shipped,2021-07-18T05:41:01.035Z
323,61,Nadine Forbes,2020-05-28T10:57:17Z,shipped,2020-06-04T13:57:58.038Z
324,234,Leonard Merritt,2021-02-12T13:53:18Z,shipped,2021-02-23T13:54:34.054Z
325,196,Rhona Gilliam,2019-03-28T18:54:17Z,placed,2019-04-05T18:55:46.056Z
326,240,Vaughan Larsen,2018-03-07T08:10:58Z,returned,2018-03-19T23:11:18.006Z
327,63,Zelenia Ray,2021-06-29T08:09:12Z,shipped,2021-07-05T18:10:25.053Z
328,203,Akeem Estes,2020-12-17T07:33:37Z,shipped,2020-12-26T12:35:03.099Z
329,271,Camille Walsh,2021-06-06T15:20:53Z,shipped,2021-06-18T23:22:15.096Z
330,79,Elvis Vang,2018-05-20T10:49:12Z,returned,2018-05-23T04:49:49.069Z
331,424,Abdul Lang,2020-03-25T18:09:18Z,placed,2020-03-29T00:09:45.066Z
332,413,Tamekah Suarez,2019-01-19T03:35:40Z,returned,2019-01-26T18:37:12.082Z
333,337,Seth Riddle,2018-08-15T05:39:45Z,placed,2018-08-21T14:40:37.087Z
334,249,Callum Sweeney,2021-11-30T23:57:01Z,placed,2021-12-10T00:57:03.068Z
335,179,Trevor Cruz,2019-08-26T04:29:34Z,shipped,2019-09-05T03:30:08.008Z
336,358,Nicholas Carter,2018-11-25T07:46:18Z,returned,2018-12-04T21:47:38.093Z
337,428,Stacy Pate,2020-10-23T08:25:31Z,placed,2020-10-29T15:26:59.017Z
338,180,Wallace Best,2018-11-04T13:38:58Z,shipped,2018-11-08T23:39:38.01Z
339,387,Oprah Kane,2020-09-12T08:42:46Z,shipped,2020-09-18T14:43:05.088Z
340,227,Juliet Keith,2019-05-25T17:20:27Z,placed,2019-05-31T22:21:56.099Z
341,28,Mohammad Powell,2020-09-24T23:29:39Z,placed,2020-09-26T06:30:30.1Z
342,126,Yoshio Valdez,2021-07-17T18:02:45Z,shipped,2021-07-20T08:03:55.046Z
343,409,Jared Carver,2020-06-16T17:51:29Z,shipped,2020-06-21T17:52:24.025Z
344,170,Travis Eaton,2020-07-10T00:23:23Z,shipped,2020-07-21T12:23:55.011Z
345,270,Gannon Faulkner,2021-10-18T08:26:17Z,returned,2021-10-22T05:27:45.076Z
346,356,Carter Huber,2020-08-29T02:43:30Z,shipped,2020-09-08T06:44:43.041Z
347,372,Aladdin Clements,2021-08-15T08:33:44Z,shipped,2021-08-22T09:34:27.003Z
348,57,Kyla Johns,2021-03-14T17:15:10Z,shipped,2021-03-26T09:16:26.06Z
349,59,Xaviera Munoz,2021-07-30T14:34:53Z,placed,2021-08-13T08:35:10.002Z
350,195,Iris Gentry,2020-06-22T07:34:29Z,returned,2020-06-23T21:34:37.066Z
351,193,Britanni Pugh,2018-03-22T17:25:21Z,returned,2018-03-28T14:27:00.087Z
352,201,Murphy Johnson,2019-05-04T09:13:01Z,shipped,2019-05-09T19:13:58.009Z
353,305,Dahlia Mcmillan,2020-01-20T08:54:48Z,shipped,2020-02-01T20:55:36.078Z
354,20,Uma Potter,2018-08-28T08:42:57Z,placed,2018-09-08T20:44:22.092Z
355,212,Owen Summers,2020-12-18T07:16:06Z,placed,2020-12-24T10:16:11.04Z
356,5,Kessie Fowler,2021-03-28T03:08:06Z,shipped,2021-04-05T12:09:39.09Z
357,30,Melvin Blanchard,2021-11-27T17:31:30Z,placed,2021-12-03T22:32:07.011Z
358,478,Audrey Newton,2018-03-03T11:10:28Z,placed,2018-03-15T11:11:26.09Z
359,201,Hayley Hutchinson,2018-06-02T02:45:34Z,shipped,2018-06-15T06:47:08.005Z
360,148,Hedda Miles,2021-06-17T09:04:30Z,placed,2021-06-21T07:05:51.065Z
361,334,Ralph Dixon,2020-08-17T04:27:14Z,shipped,2020-08-28T09:28:43.081Z
362,358,Sage Waller,2021-03-13T15:46:19Z,shipped,2021-03-19T21:46:58.04Z
363,76,Cameran Johns,2020-11-16T11:39:40Z,placed,2020-11-22T16:40:44.032Z
364,44,Hoyt Stokes,2021-11-29T20:11:06Z,placed,2021-12-05T11:12:29.084Z
365,430,Barrett Crane,2020-05-17T23:09:42Z,placed,2020-05-24T13:10:38.082Z
366,286,Paloma Hale,2021-12-16T10:09:28Z,shipped,2021-12-23T04:10:50.033Z
367,147,Chadwick Carpenter,2019-12-10T02:51:20Z,shipped,2019-12-13T15:51:36.044Z
368,251,Xantha Mayo,2019-05-12T07:52:50Z,returned,2019-05-20T20:53:31.069Z
369,178,Hilary Jacobson,2018-02-01T12:29:03Z,shipped,2018-02-05T15:30:18.043Z
370,156,Maxwell Wheeler,2020-06-27T23:04:02Z,placed,2020-07-02T15:05:30.048Z
371,452,Cassandra Cantu,2021-06-18T17:41:45Z,placed,2021-06-25T10:42:44.078Z
372,158,Sybil Lara,2019-05-14T05:54:02Z,shipped,2019-05-21T09:54:30.062Z
373,440,Wallace Skinner,2020-12-30T23:18:55Z,shipped,2021-01-03T11:19:03.079Z
374,270,Madison Salinas,2018-07-14T01:12:17Z,returned,2018-07-23T22:13:00.098Z
375,148,Flynn Sanford,2019-02-01T08:20:36Z,shipped,2019-02-09T13:20:52.074Z
376,489,Arden Warren,2020-11-20T20:22:36Z,returned,2020-11-29T14:23:10.029Z
377,372,Hyatt Duke,2019-08-18T05:00:51Z,shipped,2019-08-26T09:01:30.002Z
378,79,Cruz Blankenship,2018-04-17T09:32:12Z,shipped,2018-04-21T18:33:13.081Z
379,7,Clinton Lawrence,2020-05-14T00:01:13Z,returned,2020-05-15T16:01:49.082Z
380,159,Addison Kennedy,2021-06-04T11:25:01Z,placed,2021-06-07T17:25:45.088Z
381,232,Adele Hancock,2019-07-08T10:19:40Z,shipped,2019-07-13T19:21:11.003Z
382,143,Hunter Perkins,2018-11-28T07:31:15Z,returned,2018-12-09T06:32:53.072Z
383,126,Drew Henry,2020-05-31T07:00:34Z,placed,2020-06-04T01:02:07.078Z
384,360,Yetta Hodge,2020-05-11T10:34:35Z,shipped,2020-05-23T11:35:17.035Z
385,315,Quinn Brewer,2020-06-19T10:11:26Z,shipped,2020-06-26T06:11:59.048Z
386,37,Rafael Delaney,2018-09-18T03:28:52Z,shipped,2018-09-19T04:29:22.076Z
387,127,Xandra Beck,2021-02-06T19:23:44Z,shipped,2021-02-15T17:25:22.036Z
388,57,Odysseus Terry,2019-11-17T02:09:56Z,returned,2019-11-20T19:11:19.047Z
389,417,Hilda Avery,2018-07-22T03:30:50Z,placed,2018-08-01T23:31:13.073Z
390,197,Hamilton Villarreal,2021-04-10T04:41:51Z,placed,2021-04-21T17:43:01.007Z
391,24,Libby Mclaughlin,2018-04-17T19:12:26Z,shipped,2018-05-01T01:12:35.035Z
392,137,Haley Ellison,2018-07-11T20:10:21Z,placed,2018-07-16T11:11:54.004Z
393,443,Xantha Brown,2020-11-05T11:58:20Z,shipped,2020-11-16T09:59:25.094Z
394,28,Naomi Donaldson,2018-02-07T18:09:04Z,placed,2018-02-15T18:09:57.029Z
395,451,Finn Mitchell,2018-02-07T03:28:54Z,placed,2018-02-10T19:29:35.026Z
396,349,Christine Hopkins,2019-03-31T12:20:24Z,shipped,2019-04-10T06:20:38.073Z
397,276,Arthur Santiago,2019-04-17T10:23:25Z,returned,2019-04-23T00:23:46.031Z
398,332,Vaughan Vaughn,2021-12-13T15:58:37Z,shipped,2021-12-22T16:59:35.05Z
399,85,Chandler Horne,2021-01-25T23:35:13Z,shipped,2021-02-05T23:35:18.018Z
400,52,Ella Lowery,2020-12-01T18:37:33Z,shipped,2020-12-06T17:38:37.075Z
401,85,Blaze Porter,2018-05-21T04:39:05Z,placed,2018-05-27T15:39:08.003Z
402,272,Jolene Gibbs,2018-05-07T15:43:00Z,placed,2018-05-10T21:43:11.063Z
403,249,Rahim Duncan,2018-11-09T00:49:23Z,placed,2018-11-22T00:49:39.018Z
404,7,Gemma Jarvis,2021-04-11T01:21:03Z,placed,2021-04-16T03:22:31.05Z
405,89,Whoopi Stephenson,2020-11-14T21:47:52Z,returned,2020-11-24T06:48:39.008Z
406,46,Alea Poole,2020-01-15T01:09:11Z,shipped,2020-01-22T07:09:29.06Z
407,325,Nomlanga Rush,2021-05-07T22:53:58Z,returned,2021-05-09T23:54:32.071Z
408,453,Marshall Noel,2021-06-29T00:18:45Z,shipped,2021-07-01T06:19:04.071Z
409,183,Colette Clark,2021-03-25T19:50:40Z,placed,2021-04-04T13:50:48.056Z
410,44,Colleen Wade,2020-01-31T19:46:54Z,shipped,2020-02-14T13:47:44.019Z
411,98,Adam Kline,2019-01-27T11:45:12Z,shipped,2019-01-30T14:45:31.039Z
412,389,Logan Maddox,2019-09-04T01:17:10Z,shipped,2019-09-14T06:17:24.019Z
413,453,Patience Sloan,2019-06-13T15:46:42Z,shipped,2019-06-27T04:47:31.014Z
414,284,Reuben Byers,2019-04-16T23:26:51Z,placed,2019-04-20T14:28:22.085Z
415,9,Tamekah Roberts,2018-04-22T18:50:09Z,placed,2018-05-03T01:51:12.084Z
416,207,Latifah Tanner,2018-09-02T10:53:37Z,placed,2018-09-11T21:54:10.07Z
417,460,Cade Shaffer,2019-12-30T23:22:20Z,shipped,2020-01-03T00:23:10.084Z
418,214,Elizabeth Orr,2020-11-26T12:25:30Z,shipped,2020-11-30T03:27:03.043Z
419,207,Miriam Golden,2018-11-27T23:40:42Z,returned,2018-12-10T23:41:07.017Z
420,240,Hedy Bell,2019-12-29T02:49:21Z,placed,2020-01-08T12:49:33.081Z
421,432,Kylynn Walter,2020-03-11T11:37:37Z,shipped,2020-03-20T18:39:16.052Z
422,401,Mona Berger,2020-10-01T19:33:57Z,returned,2020-10-10T01:34:40.075Z
423,89,Chancellor Logan,2020-03-06T19:48:30Z,shipped,2020-03-13T04:48:50.093Z
424,209,Kamal Michael,2020-08-31T14:57:25Z,shipped,2020-09-07T16:57:45.022Z
425,466,Destiny Fisher,2021-11-20T08:27:34Z,returned,2021-12-03T06:27:43.031Z
426,26,Bethany Kent,2020-06-01T07:53:33Z,placed,2020-06-07T23:54:06.026Z
427,349,Stephanie Kirkland,2018-08-02T05:44:22Z,placed,2018-08-07T02:45:12.035Z
428,381,Alana Barton,2019-03-29T04:02:07Z,shipped,2019-04-05T21:02:29.081Z
429,96,Kennedy Andrews,2019-12-26T14:25:04Z,shipped,2020-01-04T01:25:05.068Z
430,385,Hyatt Zimmerman,2020-08-28T14:46:22Z,placed,2020-09-03T21:47:49.05Z
431,269,Piper Valdez,2020-01-17T17:35:27Z,shipped,2020-01-23T20:36:47.003Z
432,9,Dean Durham,2018-06-28T02:59:38Z,shipped,2018-07-08T03:00:36.06Z
433,57,Chancellor Wood,2020-11-23T16:31:23Z,shipped,2020-12-07T11:32:16.046Z
434,249,Ivana Hayden,2021-12-24T05:38:29Z,returned,2022-01-02T09:38:45.097Z
435,289,Kenneth Flowers,2019-11-14T08:10:27Z,shipped,2019-11-20T20:11:34.036Z
436,459,Sigourney Fuller,2019-07-23T05:53:52Z,shipped,2019-07-26T03:54:57.059Z
437,490,Sonia Richmond,2020-04-11T08:20:59Z,shipped,2020-04-25T04:21:25.009Z
438,220,Harriet Vaughn,2021-09-06T10:01:22Z,shipped,2021-09-13T13:01:37.018Z
439,449,Nero Jacobs,2018-02-21T18:18:08Z,placed,2018-03-05T15:18:57.002Z
440,171,Erich Garza,2019-03-07T07:14:21Z,shipped,2019-03-11T22:15:03.097Z
441,266,Skyler Kirk,2020-02-20T11:24:06Z,shipped,2020-03-01T14:24:23.069Z
442,424,Catherine Hahn,2019-08-29T09:23:04Z,shipped,2019-09-03T01:23:34.092Z
443,48,Gemma Figueroa,2019-12-31T22:22:37Z,placed,2020-01-07T00:23:38.1Z
444,199,Hayfa Hood,2019-09-30T23:46:12Z,shipped,2019-10-06T21:46:27.051Z
445,172,Mechelle Burton,2021-08-30T00:32:16Z,placed,2021-09-05T14:33:42.098Z
446,300,Mechelle Osborne,2018-07-15T05:01:25Z,returned,2018-07-19T12:02:20.042Z
447,174,Keegan Petty,2021-09-13T18:00:14Z,returned,2021-09-26T08:01:22.087Z
448,475,Barclay Adams,2020-11-04T06:35:26Z,shipped,2020-11-09T20:36:18.022Z
449,16,Carol Holcomb,2021-04-30T10:50:03Z,placed,2021-05-07T13:50:26.011Z
450,78,Rowan Whitfield,2019-06-24T16:19:30Z,returned,2019-06-26T07:20:12.069Z
451,333,Chantale Forbes,2018-02-20T06:49:05Z,shipped,2018-03-03T06:49:22.023Z
452,219,Geoffrey Watson,2019-02-07T22:11:48Z,shipped,2019-02-18T20:12:40.019Z
453,97,Madonna House,2019-04-29T18:21:44Z,shipped,2019-05-06T16:22:50.07Z
454,409,Linda Bullock,2019-08-06T01:25:54Z,shipped,2019-08-13T14:26:13.047Z
455,40,Benedict Pittman,2019-01-09T10:04:20Z,shipped,2019-01-16T10:05:48.007Z
456,60,Anika Ruiz,2018-10-03T14:41:47Z,shipped,2018-10-06T17:42:45.031Z
457,216,Knox Ellison,2019-06-23T00:50:50Z,placed,2019-06-28T22:51:51.037Z
458,211,Jaime Swanson,2018-02-07T20:32:38Z,placed,2018-02-09T05:33:33.067Z
459,381,Justina Solis,2018-10-06T19:26:06Z,returned,2018-10-11T04:26:23.01Z
460,457,Mollie Clarke,2019-03-19T16:32:26Z,returned,2019-03-28T04:32:32.04Z
461,256,Azalia Mccoy,2019-04-16T19:04:38Z,shipped,2019-04-24T00:05:00.012Z
462,19,Carol Mills,2020-04-27T15:59:24Z,shipped,2020-04-29T20:59:25.015Z
463,238,Levi Ortiz,2018-04-12T04:09:26Z,shipped,2018-04-20T08:10:58.054Z
464,463,Alexis Martin,2020-08-05T21:38:36Z,shipped,2020-08-17T11:39:57.027Z
465,30,Wylie Boyd,2020-06-27T14:15:34Z,returned,2020-07-03T02:17:10.027Z
466,167,Cain Shepard,2020-07-07T20:29:48Z,returned,2020-07-14T23:30:18.06Z
467,278,Roth Dodson,2018-08-27T17:58:01Z,placed,2018-09-01T14:58:15.065Z
468,232,Regan Jordan,2021-04-05T16:30:51Z,returned,2021-04-15T04:31:08.005Z
469,364,Jelani Glass,2018-04-01T14:57:03Z,returned,2018-04-13T00:58:39.019Z
470,195,Virginia Callahan,2021-12-19T13:21:37Z,shipped,2021-12-28T04:22:44.031Z
471,427,Kirsten Rice,2020-10-03T12:32:05Z,shipped,2020-10-08T02:33:23.072Z
472,443,Wynter Pruitt,2020-11-02T09:44:20Z,shipped,2020-11-15T22:44:33.046Z
473,142,Maris Franks,2018-05-09T21:18:07Z,shipped,2018-05-11T21:18:39.025Z
474,427,Genevieve Fleming,2020-03-08T01:11:16Z,placed,2020-03-14T19:12:55.078Z
475,132,Stuart Peterson,2020-10-25T05:24:20Z,returned,2020-11-07T09:24:48.098Z
476,98,Ulla Mathis,2018-12-11T16:21:56Z,shipped,2018-12-14T22:22:34.093Z
477,340,Herman Hughes,2020-01-02T22:35:12Z,returned,2020-01-12T21:36:41.058Z
478,25,Hilary Hess,2021-03-16T23:00:57Z,placed,2021-03-20T00:02:18.061Z
479,381,Arden Riggs,2018-12-16T11:36:18Z,returned,2018-12-26T07:37:27.062Z
480,427,Damon Morgan,2019-04-04T17:06:04Z,returned,2019-04-18T16:06:13.004Z
481,191,Jermaine Buckner,2019-12-04T03:44:24Z,shipped,2019-12-13T16:45:10.014Z
482,189,Dennis Mcfarland,2021-06-01T15:51:47Z,shipped,2021-06-07T05:52:27.039Z
483,92,Alden Clements,2019-03-17T00:07:24Z,shipped,2019-03-31T00:07:34.085Z
484,69,Ferris Kelley,2021-03-17T22:52:46Z,returned,2021-03-19T20:54:15.03Z
485,170,Claudia Clarke,2020-09-15T14:45:12Z,shipped,2020-09-22T07:46:11.08Z
486,477,Jack Owens,2020-01-01T07:37:23Z,shipped,2020-01-11T20:37:44.022Z
487,365,Indigo Miller,2020-04-15T02:27:40Z,shipped,2020-04-24T12:28:10.004Z
488,408,Gloria Diaz,2019-10-17T22:31:24Z,returned,2019-10-23T20:32:05.081Z
489,172,Ashely Small,2018-08-24T21:32:12Z,shipped,2018-09-07T08:33:31.051Z
490,372,Nathaniel Dominguez,2018-11-04T01:35:19Z,shipped,2018-11-07T09:35:34.08Z
491,432,Oleg Owens,2018-04-04T15:58:15Z,shipped,2018-04-06T10:59:39.018Z
492,191,Griffith Kramer,2020-08-07T15:58:32Z,placed,2020-08-13T01:00:04.056Z
493,289,Kimberley Wallace,2021-08-11T12:06:02Z,shipped,2021-08-19T13:07:20.09Z
494,306,Violet Hood,2021-08-25T01:32:52Z,placed,2021-08-30T09:34:17.011Z
495,406,Halee Coffey,2018-05-15T05:37:06Z,placed,2018-05-24T05:37:45.035Z
496,359,Holmes Grant,2021-10-25T06:58:47Z,shipped,2021-11-05T07:00:06.09Z
497,499,Emmanuel West,2019-03-28T11:21:49Z,returned,2019-04-01T22:22:00.055Z
498,458,Catherine Horn,2018-01-28T11:48:13Z,shipped,2018-02-09T23:49:08.082Z
499,333,Carl Wilkins,2019-12-12T03:14:37Z,placed,2019-12-19T00:15:51.008Z
500,332,Dexter Cobb,2020-07-10T10:06:35Z,placed,2020-07-14T17:07:55.056Z
501,133,Drake Mcbride,2020-07-19T21:01:04Z,placed,2020-08-02T00:02:13.094Z
502,264,Martha Sparks,2019-11-13T11:04:45Z,shipped,2019-11-16T04:05:27.082Z
503,22,Ila Bates,2018-01-10T22:30:08Z,placed,2018-01-21T08:31:27.008Z
504,39,Colt Burns,2018-09-08T22:10:06Z,returned,2018-09-17T05:10:59.04Z
505,343,Dorian Bender,2020-10-25T13:36:55Z,placed,2020-11-04T07:38:10.016Z
506,94,Duncan Oneil,2019-01-05T10:43:55Z,placed,2019-01-13T06:44:09.089Z
507,53,Sierra Cervantes,2018-11-04T18:21:25Z,placed,2018-11-17T15:23:00.092Z
508,257,Stephanie Mitchell,2019-09-26T11:07:35Z,shipped,2019-10-04T12:08:24.038Z
509,363,Dawn Monroe,2020-04-09T12:16:27Z,shipped,2020-04-12T06:17:05.1Z
510,223,Lydia West,2020-10-24T12:43:07Z,shipped,2020-11-05T12:43:31.051Z
511,311,Ivana House,2020-02-08T20:18:00Z,returned,2020-02-16T02:18:09.087Z
512,435,Hiroko Buck,2019-08-22T03:01:07Z,placed,2019-09-02T20:01:41.063Z
513,324,Hermione Navarro,2020-05-11T20:39:09Z,returned,2020-05-16T08:39:53.075Z
514,150,Emerald Bowers,2018-11-11T02:36:14Z,placed,2018-11-21T11:36:37.052Z
515,335,Ciaran Owen,2020-06-24T21:25:22Z,placed,2020-06-29T20:26:32.057Z
516,233,Fritz Marshall,2019-10-30T11:29:03Z,shipped,2019-11-11T15:29:15.009Z
517,83,Ciara Macdonald,2020-10-16T13:49:17Z,placed,2020-10-23T06:50:53.005Z
518,220,Merritt Greene,2019-09-30T21:12:07Z,shipped,2019-10-09T01:12:19.093Z
519,150,Rhiannon Christensen,2019-05-02T20:33:58Z,shipped,2019-05-08T23:35:13.041Z
520,331,Guy Massey,2018-06-05T05:49:07Z,returned,2018-06-08T11:50:29.031Z
521,267,Mia Crosby,2019-04-18T05:28:01Z,shipped,2019-04-27T16:28:27.059Z
522,73,Hall Hampton,2018-06-02T17:32:53Z,returned,2018-06-09T02:34:15.068Z
523,362,Kylynn Riley,2021-04-19T03:19:16Z,shipped,2021-04-27T13:20:30.043Z
524,136,Simon Nash,2021-05-27T15:58:07Z,shipped,2021-06-04T12:58:51.086Z
525,310,Naomi Eaton,2018-11-02T03:56:48Z,returned,2018-11-08T06:57:42.082Z
526,315,Blaze Christensen,2021-02-12T02:55:30Z,shipped,2021-02-14T10:56:04.048Z
527,463,Jana Blair,2020-01-06T18:16:17Z,shipped,2020-01-08T22:17:57.092Z
528,137,Walter Mayo,2019-02-25T15:24:59Z,shipped,2019-03-03T10:26:19.085Z
529,44,Rowan Steele,2021-06-21T12:55:02Z,shipped,2021-07-04T05:55:41.068Z
530,185,Jayme Hawkins,2018-04-07T21:52:33Z,shipped,2018-04-13T22:53:01.09Z
531,219,Nelle Mueller,2018-11-11T13:27:24Z,placed,2018-11-19T04:28:52.095Z
532,238,Yeo Wilder,2020-11-27T03:18:54Z,placed,2020-12-05T15:19:33.005Z
533,204,Erasmus Ashley,2021-02-24T11:00:38Z,returned,2021-03-04T05:01:48.076Z
534,405,Risa Woods,2020-06-19T10:06:23Z,shipped,2020-06-24T01:07:06.023Z
535,283,Lester Porter,2019-12-24T23:35:47Z,shipped,2020-01-02T02:36:08.014Z
536,29,Bree Gallegos,2021-10-02T02:05:38Z,returned,2021-10-04T19:06:29.024Z
537,397,Bernard Castaneda,2018-05-28T01:28:50Z,placed,2018-06-05T22:29:23.098Z
538,377,Veronica Zimmerman,2019-08-21T06:14:03Z,returned,2019-08-23T23:15:20.09Z
539,200,Dean Donaldson,2021-04-30T13:11:17Z,placed,2021-05-02T16:11:30.032Z
540,199,Ulla Compton,2021-06-09T06:50:34Z,returned,2021-06-14T12:50:56.072Z
541,426,Upton Valdez,2020-03-10T18:23:13Z,placed,2020-03-19T02:23:33.053Z
542,352,Cheryl Vincent,2018-08-05T23:19:50Z,placed,2018-08-11T11:21:05.095Z
543,218,Deacon Gomez,2018-05-25T17:41:30Z,shipped,2018-06-03T20:41:39.037Z
544,19,Reese Melendez,2019-03-04T04:00:02Z,placed,2019-03-07T05:00:17.085Z
545,486,Audra Vazquez,2019-09-13T19:52:27Z,shipped,2019-09-22T00:53:23.076Z
546,109,Rae Rowe,2018-08-23T17:12:01Z,shipped,2018-09-03T21:12:12.049Z
547,46,Coby Woodard,2018-08-15T12:44:41Z,placed,2018-08-19T04:46:03.067Z
548,445,Emma Knox,2020-07-14T23:08:53Z,placed,2020-07-20T05:09:51.069Z
549,481,Flavia Gillespie,2019-09-12T06:22:30Z,shipped,2019-09-22T11:23:09.093Z
550,169,Tobias Reyes,2019-05-20T07:09:40Z,shipped,2019-05-31T20:10:56.009Z
551,175,Adara Lowery,2021-05-16T18:29:24Z,placed,2021-05-21T06:29:33.099Z
552,387,Yoko Ratliff,2020-08-11T17:49:51Z,shipped,2020-08-16T15:51:00.007Z
553,342,Madison Pittman,2021-01-09T06:44:00Z,placed,2021-01-23T00:45:06.086Z
554,6,Uta Wilkerson,2021-01-30T15:58:21Z,shipped,2021-02-13T01:59:53.011Z
555,475,Bruce Reed,2021-06-15T18:15:57Z,shipped,2021-06-24T12:17:20.068Z
556,500,Regina Willis,2019-05-04T04:43:58Z,shipped,2019-05-15T04:44:57.014Z
557,429,Kato Ellis,2019-02-09T06:01:15Z,shipped,2019-02-13T02:02:12.045Z
558,188,Shoshana Wynn,2020-02-04T21:32:48Z,shipped,2020-02-10T20:33:04.008Z
559,126,Michael Yates,2021-09-04T09:16:50Z,returned,2021-09-14T11:17:54.046Z
560,200,Aristotle Cain,2019-04-05T15:01:00Z,placed,2019-04-14T21:01:49.03Z
561,253,Ora Chaney,2019-03-09T12:09:51Z,placed,2019-03-18T18:11:24.04Z
562,9,Blake Mccarthy,2021-01-30T21:13:42Z,placed,2021-02-10T19:14:46.094Z
563,23,Harriet Hess,2021-05-30T07:44:44Z,shipped,2021-06-05T20:46:08.033Z
564,199,Flynn Valdez,2021-01-27T19:48:12Z,shipped,2021-02-06T09:49:34.057Z
565,326,Thane Dickerson,2021-08-16T01:59:36Z,shipped,2021-08-18T22:00:07.086Z
566,25,Igor Stephenson,2021-04-26T14:57:42Z,shipped,2021-05-01T01:57:43.048Z
567,310,Rhona Malone,2018-07-23T06:27:44Z,shipped,2018-07-27T19:29:03.061Z
568,465,Stewart Mays,2018-02-18T03:52:35Z,returned,2018-02-23T09:53:38.021Z
569,393,Colt Ratliff,2020-02-27T23:04:58Z,returned,2020-03-06T00:06:38.022Z
570,237,Selma Greene,2021-10-07T18:35:25Z,placed,2021-10-11T11:36:33.022Z
571,199,Richard Phelps,2020-06-25T06:57:58Z,shipped,2020-07-04T10:58:49.09Z
572,247,Macy Walton,2020-11-11T02:37:50Z,shipped,2020-11-21T15:38:25.057Z
573,11,Benedict Garcia,2019-08-08T12:24:57Z,shipped,2019-08-20T04:26:02.028Z
574,238,Tallulah Mccullough,2018-07-21T11:59:21Z,shipped,2018-07-31T16:59:35.025Z
575,157,Merritt Spence,2019-01-01T17:09:47Z,returned,2019-01-04T06:11:15.021Z
576,237,Kitra Mckinney,2019-05-01T08:55:33Z,shipped,2019-05-14T04:55:44.042Z
577,282,Kuame Stewart,2018-09-15T11:53:41Z,shipped,2018-09-27T22:54:05.004Z
578,274,Anthony Conway,2020-08-01T23:15:54Z,shipped,2020-08-06T19:16:14.037Z
579,296,Addison Macdonald,2020-02-12T07:36:05Z,shipped,2020-02-21T21:36:59.026Z
580,466,Cooper Hughes,2021-06-24T11:47:52Z,placed,2021-07-04T17:48:08.024Z
581,436,Emi Duffy,2018-11-24T12:33:06Z,placed,2018-12-06T09:33:59.079Z
582,292,Garrison Martin,2021-11-15T23:06:05Z,shipped,2021-11-24T19:07:15.02Z
583,418,Summer Kerr,2019-11-08T22:40:11Z,placed,2019-11-14T14:40:17.077Z
584,62,Buckminster Page,2019-07-02T17:57:25Z,returned,2019-07-10T18:57:35.016Z
585,177,Mariko Carver,2019-12-05T12:42:24Z,shipped,2019-12-14T17:42:27.069Z
586,439,Emerson Sutton,2019-09-04T10:08:10Z,placed,2019-09-11T06:08:13.031Z
587,324,Ryan Bradley,2021-06-14T09:15:00Z,placed,2021-06-22T09:15:20.067Z
588,322,Veronica Daniel,2019-06-16T05:05:30Z,placed,2019-06-20T06:05:50.037Z
589,356,Madaline Merrill,2018-07-08T21:19:11Z,returned,2018-07-13T03:19:27.068Z
590,463,Cameran Horton,2019-10-06T12:07:25Z,shipped,2019-10-12T07:07:39.016Z
591,68,Chaney Payne,2018-10-11T15:11:41Z,shipped,2018-10-22T06:12:56.091Z
592,135,Ayanna Walker,2019-04-29T15:47:51Z,placed,2019-05-08T12:49:16.099Z
593,349,Grady Kaufman,2019-03-11T08:14:52Z,returned,2019-03-23T05:16:20.068Z
594,144,Kimberley Robbins,2020-12-30T22:26:23Z,shipped,2021-01-09T15:26:33.029Z
595,125,Tasha Shaffer,2018-02-05T01:10:26Z,shipped,2018-02-17T23:11:01.028Z
596,316,Mechelle Garner,2019-10-23T01:31:22Z,shipped,2019-10-25T13:31:29.013Z
597,439,Dean Hodge,2019-05-23T10:11:33Z,shipped,2019-06-02T18:12:25.014Z
598,476,Pandora Franks,2019-03-30T08:45:02Z,shipped,2019-04-05T00:46:02.071Z
599,271,Chantale Rice,2019-12-22T17:36:15Z,placed,2019-12-31T23:37:44.088Z
600,81,Cooper Bradley,2018-12-09T05:38:08Z,shipped,2018-12-15T10:39:38.076Z
601,447,Aline Whitfield,2018-04-24T19:22:44Z,shipped,2018-05-05T15:23:06.029Z
602,437,Ayanna Mullen,2019-07-03T11:47:12Z,placed,2019-07-10T20:47:28.086Z
603,364,Wallace Stephens,2019-03-26T12:32:41Z,shipped,2019-03-31T10:33:38.009Z
604,105,Hedley Mcneil,2021-07-08T00:18:25Z,shipped,2021-07-11T03:19:39.062Z
605,80,John Emerson,2020-03-27T01:01:38Z,shipped,2020-04-01T06:02:28.074Z
606,469,Caleb Frederick,2019-06-24T00:04:34Z,returned,2019-07-04T12:04:55.084Z
607,488,Maisie Mckenzie,2019-02-14T05:39:37Z,shipped,2019-02-22T05:40:16.09Z
608,40,Kiayada Lindsey,2018-08-22T01:51:40Z,shipped,2018-08-29T21:52:22.094Z
609,297,Alec Flynn,2020-04-17T07:15:46Z,shipped,2020-04-25T04:17:23.039Z
610,51,Griffin Shaffer,2019-05-10T22:08:18Z,placed,2019-05-14T01:09:41.079Z
611,212,Harper Hodge,2021-09-03T09:39:48Z,placed,2021-09-13T08:40:43.01Z
612,310,Megan Sweeney,2018-11-03T16:50:08Z,shipped,2018-11-14T11:51:14.082Z
613,236,Yardley Jimenez,2021-10-17T22:09:05Z,shipped,2021-10-21T01:10:02.071Z
614,127,Tashya Townsend,2020-06-21T00:23:43Z,returned,2020-07-02T00:24:55.039Z
615,225,Rhoda Hurley,2018-05-04T11:40:33Z,shipped,2018-05-10T06:40:56.075Z
616,377,MacKenzie Griffin,2021-04-28T23:13:47Z,shipped,2021-05-10T15:13:52.015Z
617,51,Eliana Frost,2020-07-31T19:20:51Z,returned,2020-08-06T09:22:31.088Z
618,100,Amal Casey,2018-11-20T12:23:10Z,shipped,2018-11-30T04:23:39.057Z
619,321,Jordan Pruitt,2019-03-03T22:30:03Z,shipped,2019-03-06T07:31:43.072Z
620,235,Daniel Carver,2019-06-15T23:55:47Z,returned,2019-06-20T04:56:53.091Z
621,427,Gavin Rodriquez,2018-10-25T20:48:32Z,shipped,2018-10-30T05:48:48.075Z
622,5,Giacomo Todd,2018-01-09T13:48:08Z,placed,2018-01-14T16:48:32.028Z
623,470,Lewis Alvarez,2018-03-24T08:49:57Z,shipped,2018-03-27T04:50:11.005Z
624,231,Barrett Martin,2021-10-15T04:08:09Z,returned,2021-10-25T19:08:32.057Z
625,335,Brooke Harrington,2018-04-17T11:44:04Z,shipped,2018-04-24T13:45:06.049Z
626,114,Knox Caldwell,2021-10-05T22:27:58Z,shipped,2021-10-13T03:28:12.03Z
627,108,Brady Welch,2020-09-01T08:29:13Z,returned,2020-09-09T08:30:25.07Z
628,491,Sophia Guerrero,2021-01-30T14:00:33Z,placed,2021-02-02T16:01:46.085Z
629,199,Naomi Gordon,2018-09-23T23:58:16Z,returned,2018-09-30T08:58:47.024Z
630,445,Kiara David,2018-06-23T04:55:10Z,shipped,2018-06-28T10:55:49.028Z
631,291,Colby Spears,2018-11-09T08:38:00Z,shipped,2018-11-17T14:38:49.025Z
632,392,Nayda Fernandez,2020-07-03T03:01:02Z,returned,2020-07-11T13:02:18.025Z
633,33,Harding Mercado,2021-02-28T10:02:38Z,placed,2021-03-13T00:03:31.036Z
634,312,Dacey Ramirez,2021-06-17T08:04:35Z,returned,2021-06-27T20:04:45.002Z
635,169,Sonia Harris,2019-10-20T23:48:35Z,returned,2019-10-26T21:49:27.002Z
636,66,Astra Bush,2018-08-09T15:40:50Z,placed,2018-08-19T00:41:36.082Z
637,81,Brett Kirkland,2021-09-18T13:11:53Z,shipped,2021-09-25T22:13:31.074Z
638,332,Cameran Hodge,2021-07-20T09:53:35Z,placed,2021-07-26T08:54:17.063Z
639,435,Michelle Rowe,2020-10-15T14:51:57Z,shipped,2020-10-24T22:52:47.012Z
640,233,Maia Calderon,2019-08-23T04:53:58Z,placed,2019-08-27T11:55:02.036Z
641,383,Ainsley Finch,2020-11-07T10:03:43Z,shipped,2020-11-09T17:05:15.038Z
642,91,Ashely Albert,2019-11-18T06:38:28Z,shipped,2019-11-22T18:39:09.034Z
643,257,Amber Beasley,2021-04-09T10:08:28Z,shipped,2021-04-18T04:09:22.063Z
644,235,Scarlet Blankenship,2019-10-22T14:26:29Z,shipped,2019-10-31T10:27:19.037Z
645,78,Carlos Boyer,2020-11-06T05:10:18Z,returned,2020-11-11T10:11:08.098Z
646,112,Kirk Sellers,2019-04-13T12:46:31Z,placed,2019-04-20T10:47:57.079Z
647,464,Gretchen Downs,2021-12-20T19:39:08Z,placed,2021-12-25T18:39:31.001Z
648,438,Ryder Cruz,2020-03-19T17:46:23Z,shipped,2020-03-30T00:47:20.013Z
649,365,Akeem Snow,2021-05-07T16:03:38Z,shipped,2021-05-10T17:05:05.035Z
650,371,Beck Haney,2018-05-19T03:11:39Z,shipped,2018-05-27T13:12:30.021Z
651,26,Lee Gilliam,2018-04-13T13:57:46Z,shipped,2018-04-23T11:57:51.093Z
652,285,Jameson Vinson,2020-02-02T12:23:14Z,shipped,2020-02-06T10:24:15.076Z
653,119,Dale Shields,2020-03-03T04:01:42Z,shipped,2020-03-11T13:02:37.05Z
654,17,Charles Cummings,2020-08-09T20:00:37Z,returned,2020-08-16T04:01:51.074Z
655,73,Salvador Bishop,2019-11-15T17:52:32Z,shipped,2019-11-27T16:52:37.063Z
656,419,Kuame Clemons,2019-03-12T11:59:23Z,shipped,2019-03-17T17:00:18.077Z
657,365,Kennedy Burton,2018-09-16T00:50:36Z,shipped,2018-09-25T09:50:45.097Z
658,83,Madonna Rodgers,2020-06-11T01:36:37Z,returned,2020-06-21T08:36:44.064Z
659,199,Autumn Knight,2019-12-12T14:18:25Z,shipped,2019-12-16T09:20:02.057Z
660,357,Arthur Tillman,2021-02-13T05:47:17Z,returned,2021-02-25T08:47:35.071Z
661,303,Whitney Cervantes,2018-03-02T19:43:31Z,shipped,2018-03-13T09:44:18.025Z
662,132,Melanie Davis,2021-02-16T00:03:40Z,placed,2021-02-18T05:04:47.08Z
663,477,Tarik Nicholson,2018-10-30T19:44:33Z,shipped,2018-11-02T11:46:01.051Z
664,39,Ivy Summers,2019-07-19T07:47:42Z,shipped,2019-07-24T08:48:32.036Z
665,326,Alexander Mcclain,2020-07-12T19:35:29Z,placed,2020-07-22T01:35:46.043Z
666,227,Allen Mathews,2021-01-27T06:48:32Z,shipped,2021-02-07T07:50:08.089Z
667,252,Ciara Nieves,2020-12-05T14:04:50Z,placed,2020-12-11T03:05:31.099Z
668,353,William Byrd,2020-11-02T22:49:45Z,shipped,2020-11-16T22:50:49.054Z
669,482,Jermaine Day,2021-12-06T06:27:33Z,shipped,2021-12-08T09:27:56.035Z
670,370,Eric Noel,2018-04-19T23:02:34Z,shipped,2018-04-25T20:03:49.039Z
671,472,Raya Hines,2019-09-23T20:29:19Z,shipped,2019-10-04T14:30:28.013Z
672,429,Donna Snow,2018-07-23T16:52:07Z,shipped,2018-08-02T21:52:26.08Z
673,208,Honorato Armstrong,2021-07-25T22:06:46Z,returned,2021-08-02T19:08:17.018Z
674,48,Francis Peters,2021-03-07T18:19:42Z,shipped,2021-03-15T00:20:18.074Z
675,98,Celeste Wells,2021-01-26T05:42:15Z,shipped,2021-02-04T19:42:51.021Z
676,144,Wynter Freeman,2020-08-24T15:08:03Z,placed,2020-08-29T09:08:35.014Z
677,474,Erin Hendricks,2018-07-10T18:18:05Z,placed,2018-07-15T16:19:21.029Z
678,224,Serena Bridges,2020-01-01T09:58:27Z,shipped,2020-01-06T23:59:29.077Z
679,395,Marvin Rogers,2018-07-23T20:30:12Z,shipped,2018-08-06T15:30:41.096Z
680,201,Barry Finley,2018-04-17T09:18:33Z,shipped,2018-04-27T22:19:49.019Z
681,230,Heidi Atkinson,2021-01-24T19:07:35Z,returned,2021-02-03T00:09:03.06Z
682,179,Fritz Abbott,2021-07-01T02:22:08Z,shipped,2021-07-13T11:23:29.049Z
683,11,Shad Vance,2021-04-13T21:13:10Z,placed,2021-04-21T02:13:38.026Z
684,103,Amber Witt,2018-08-22T03:53:27Z,shipped,2018-08-24T07:54:52.015Z
685,204,Beatrice Roach,2019-05-13T03:20:43Z,placed,2019-05-21T17:22:01.015Z
686,235,Shad Waller,2020-06-19T12:13:11Z,placed,2020-06-26T05:13:22.066Z
687,340,Kuame Bender,2018-12-20T00:36:55Z,placed,2018-12-21T05:38:17.072Z
688,12,Grant Doyle,2021-08-05T15:27:27Z,returned,2021-08-16T06:29:05.02Z
689,42,Mallory Washington,2021-05-19T16:13:08Z,returned,2021-05-23T03:13:45.008Z
690,453,Knox Hawkins,2019-06-12T10:37:19Z,placed,2019-06-22T19:37:21.1Z
691,468,Hunter Puckett,2021-04-09T23:35:47Z,returned,2021-04-19T18:37:04.061Z
692,217,Barry Baker,2020-03-18T21:17:32Z,shipped,2020-03-28T12:18:07.1Z
693,326,Jordan Kelley,2019-11-21T12:08:24Z,shipped,2019-11-28T03:09:01.093Z
694,389,Cynthia Montoya,2021-07-16T16:08:34Z,placed,2021-07-21T10:08:57.056Z
695,263,Tanya Hickman,2021-11-11T01:56:08Z,placed,2021-11-23T00:57:06.097Z
696,77,Jeremy Hooper,2020-11-12T21:58:32Z,shipped,2020-11-19T02:59:50.04Z
697,215,Maile Hatfield,2019-04-18T03:43:30Z,shipped,2019-04-24T17:44:31.085Z
698,37,Dylan Owens,2018-03-11T19:15:27Z,placed,2018-03-14T19:15:52.05Z
699,208,Jolene Buckley,2021-11-17T10:25:01Z,placed,2021-11-23T23:25:38.073Z
700,36,Daphne Jarvis,2018-02-21T18:44:20Z,shipped,2018-02-24T12:44:49.044Z
701,80,Germaine Anderson,2018-07-16T08:57:23Z,placed,2018-07-25T13:58:46.081Z
702,87,Jameson Hooper,2018-10-23T06:09:08Z,returned,2018-11-01T20:10:39.062Z
703,107,Scarlett Mcneil,2018-10-16T20:42:55Z,shipped,2018-10-23T17:43:44.074Z
704,388,Nora Mcdowell,2019-07-11T04:38:54Z,shipped,2019-07-22T13:40:06.092Z
705,68,Jakeem Collier,2018-08-18T18:47:08Z,returned,2018-08-26T17:48:39.074Z
706,312,Guinevere Dodson,2021-10-06T04:08:59Z,returned,2021-10-08T21:09:03.047Z
707,105,Thomas Sims,2020-04-02T00:58:43Z,shipped,2020-04-07T18:59:38.025Z
708,175,Anika Shannon,2020-02-04T12:40:33Z,shipped,2020-02-13T16:41:08.004Z
709,154,Wilma Fischer,2020-03-19T03:23:35Z,returned,2020-03-28T10:24:24.043Z
710,189,Hayley Graves,2019-12-26T19:31:26Z,returned,2020-01-04T16:32:31.05Z
711,414,Kelly Pate,2020-02-16T19:41:23Z,returned,2020-02-26T22:41:47.009Z
712,181,Shelly Avila,2018-12-02T16:21:32Z,shipped,2018-12-08T15:22:12.082Z
713,278,Lucius Curtis,2021-08-11T02:17:34Z,shipped,2021-08-15T23:18:56.024Z
714,140,Shelley Mcdowell,2021-06-15T13:17:45Z,shipped,2021-06-17T20:18:04.053Z
715,327,Helen Stanton,2018-06-18T19:19:37Z,shipped,2018-06-29T16:20:48.082Z
716,497,Jasper Freeman,2018-10-12T18:12:37Z,shipped,2018-10-19T06:13:08.021Z
717,57,Hoyt Downs,2020-08-13T20:41:34Z,returned,2020-08-25T23:42:24.08Z
718,289,Hammett Reilly,2020-06-18T09:05:55Z,placed,2020-06-26T05:07:03.086Z
719,497,Nissim Walters,2021-03-10T14:34:39Z,returned,2021-03-12T13:35:02.019Z
720,374,Mikayla Benson,2018-12-24T22:46:13Z,shipped,2019-01-07T00:47:24.096Z
721,310,Shannon Bright,2018-03-19T20:34:10Z,shipped,2018-03-24T09:35:44.076Z
722,411,Yoshio Cunningham,2018-04-10T03:42:30Z,shipped,2018-04-20T06:43:48.082Z
723,260,Declan Lane,2020-07-01T03:21:39Z,shipped,2020-07-11T11:22:13.093Z
724,400,Jolie Spears,2019-03-03T23:47:14Z,shipped,2019-03-13T02:47:52.073Z
725,3,Denton Mcconnell,2018-03-31T00:09:43Z,returned,2018-04-08T04:10:20.029Z
726,76,Britanni Powers,2020-11-10T09:08:30Z,shipped,2020-11-19T12:08:48.039Z
727,82,Lane Bond,2019-07-17T14:40:06Z,shipped,2019-07-22T16:40:30.076Z
728,1,Chase Landry,2018-12-30T13:33:17Z,returned,2019-01-04T12:33:43.005Z
729,422,Elton Crawford,2018-10-02T10:56:12Z,placed,2018-10-10T11:56:54.038Z
730,410,Nathaniel Freeman,2018-09-04T13:34:53Z,shipped,2018-09-14T06:35:54.094Z
731,276,Cassidy Barton,2018-10-16T12:32:57Z,placed,2018-10-24T15:34:34.052Z
732,353,Eugenia Macdonald,2020-12-04T22:15:54Z,shipped,2020-12-16T07:16:19.012Z
733,102,Brianna Cardenas,2021-08-19T04:09:22Z,shipped,2021-08-31T04:10:28.055Z
734,296,Diana Armstrong,2021-01-05T21:16:31Z,shipped,2021-01-14T02:17:00.033Z
735,365,Graham Watson,2018-11-22T21:21:39Z,shipped,2018-12-01T12:21:53.092Z
736,317,Murphy Moran,2018-01-04T06:29:28Z,shipped,2018-01-09T13:29:34.088Z
737,149,Len Austin,2018-11-02T12:54:05Z,placed,2018-11-13T04:54:19.095Z
738,200,Britanney Nixon,2019-10-05T21:17:00Z,shipped,2019-10-09T14:17:05.002Z
739,407,Maggy Robbins,2021-09-08T11:39:57Z,shipped,2021-09-16T05:40:31.08Z
740,219,Matthew Singleton,2021-03-15T22:49:34Z,shipped,2021-03-20T13:50:48.073Z
741,346,Serina Gay,2021-04-10T19:50:59Z,shipped,2021-04-18T09:51:11.073Z
742,54,Caldwell Roth,2021-03-09T06:52:23Z,shipped,2021-03-19T21:53:04.092Z
743,264,Gay Barron,2018-07-14T00:02:43Z,shipped,2018-07-24T05:03:25.042Z
744,112,Emerson Clemons,2020-04-25T04:51:02Z,shipped,2020-05-05T23:52:30.096Z
745,358,Sylvia Hanson,2021-08-30T09:20:56Z,returned,2021-09-11T09:22:27.035Z
746,476,Ursula Ferguson,2019-04-10T16:17:54Z,shipped,2019-04-18T22:18:50.01Z
747,233,Wilma Odom,2019-10-19T14:00:52Z,shipped,2019-10-26T16:01:36.044Z
748,234,Martha Glenn,2019-11-04T05:17:36Z,shipped,2019-11-16T02:19:16.049Z
749,158,Jacqueline Holder,2019-01-18T18:32:10Z,shipped,2019-01-23T14:32:54.045Z
750,341,Kim Adams,2020-05-19T06:11:48Z,placed,2020-05-26T03:12:13.043Z
751,224,Germaine Sosa,2018-02-19T09:50:01Z,shipped,2018-02-27T03:50:30.025Z
752,450,Branden Haynes,2021-11-02T14:24:45Z,shipped,2021-11-05T00:24:55.002Z
753,267,Deborah Perkins,2019-05-13T18:37:45Z,returned,2019-05-25T00:37:48.074Z
754,250,Ryan Bailey,2021-09-30T09:01:18Z,shipped,2021-10-06T10:01:29.007Z
755,190,Ignacia Odom,2018-09-24T05:48:58Z,placed,2018-09-29T18:50:08.006Z
756,195,Alan Tanner,2018-12-28T19:54:49Z,placed,2019-01-09T05:56:01.015Z
757,11,Fallon William,2018-11-22T15:22:35Z,placed,2018-12-02T03:24:10.034Z
758,92,Hillary Lucas,2018-11-18T06:10:41Z,returned,2018-11-27T06:11:11.058Z
759,305,Joan Gibson,2021-04-11T01:41:19Z,placed,2021-04-20T05:41:55.009Z
760,388,Azalia Oneil,2019-08-05T12:44:16Z,returned,2019-08-10T08:44:40.088Z
761,460,Hyacinth Banks,2020-12-31T05:59:07Z,returned,2021-01-07T02:00:13.019Z
762,63,Serena Harding,2021-05-26T17:47:32Z,returned,2021-06-04T18:48:48.076Z
763,251,Kalia Maxwell,2020-06-11T03:34:39Z,placed,2020-06-21T10:35:46.04Z
764,446,Patience Ortega,2019-09-14T19:14:26Z,shipped,2019-09-18T23:14:36.063Z
765,302,Isadora Neal,2020-03-16T05:12:33Z,returned,2020-03-25T12:12:59.047Z
766,160,Diana Douglas,2021-10-31T10:57:42Z,shipped,2021-11-06T08:58:22.076Z
767,61,Kitra Haney,2018-05-05T03:22:24Z,shipped,2018-05-16T02:22:57.01Z
768,88,Sheila Barlow,2021-05-16T21:54:45Z,returned,2021-05-24T15:55:16.082Z
769,99,Leonard Garrison,2018-01-11T14:52:35Z,shipped,2018-01-18T02:54:11.05Z
770,83,Declan Warner,2018-02-21T10:55:53Z,shipped,2018-03-01T16:55:57.004Z
771,100,Jerry Sears,2019-10-22T23:45:02Z,shipped,2019-11-03T10:46:07.036Z
772,117,Moana Holcomb,2018-10-06T05:37:30Z,placed,2018-10-10T21:38:38.061Z
773,422,Jarrod Watts,2018-06-28T06:57:46Z,returned,2018-07-11T23:57:58.043Z
774,386,Raja Hunt,2020-02-07T18:29:09Z,shipped,2020-02-11T01:29:47.061Z
775,414,Hyatt Brock,2020-09-06T22:49:34Z,returned,2020-09-13T02:50:11.057Z
776,178,Callum Hickman,2020-08-29T09:47:11Z,shipped,2020-09-01T18:47:28.009Z
777,372,Sylvester Hensley,2019-05-07T12:47:58Z,returned,2019-05-14T20:49:12.091Z
778,259,Quinn Dean,2019-09-11T21:02:16Z,placed,2019-09-22T20:03:54.016Z
779,167,Germane Ochoa,2021-12-30T14:08:11Z,shipped,2022-01-09T05:09:02.035Z
780,46,Hedy Abbott,2019-02-05T08:53:04Z,placed,2019-02-16T17:53:17.014Z
781,52,Claudia Callahan,2021-07-04T16:25:36Z,shipped,2021-07-09T13:26:24.068Z
782,188,Tana Maddox,2019-04-22T14:05:24Z,returned,2019-04-30T16:06:32.094Z
783,400,Leroy Blanchard,2019-04-03T11:27:27Z,placed,2019-04-12T14:27:40.006Z
784,324,Ira Gutierrez,2018-10-01T17:35:33Z,shipped,2018-10-11T04:36:17.022Z
785,232,Josiah Larsen,2020-12-26T12:34:04Z,returned,2021-01-03T02:35:42.087Z
786,184,Mannix Raymond,2020-12-20T21:02:07Z,shipped,2020-12-25T21:02:25.055Z
787,383,Elliott Miles,2019-05-31T17:05:53Z,returned,2019-06-04T22:05:58.016Z
788,67,Astra Spence,2021-05-08T04:00:49Z,shipped,2021-05-18T07:02:08.04Z
789,397,Avram Gibbs,2018-07-09T08:00:48Z,placed,2018-07-20T22:02:24.097Z
790,251,Rose Conway,2021-03-02T17:10:37Z,shipped,2021-03-08T13:11:30.015Z
791,79,Demetria Brady,2019-04-07T16:24:01Z,returned,2019-04-10T21:24:06.041Z
792,177,Shelby Langley,2021-11-27T15:13:52Z,shipped,2021-12-07T04:14:41.051Z
793,349,Rachel Newton,2018-07-30T22:44:57Z,shipped,2018-08-06T02:45:05.064Z
794,239,Isadora Wilson,2021-04-06T05:36:29Z,returned,2021-04-09T23:37:27.047Z
795,339,Finn Workman,2020-12-13T10:04:35Z,shipped,2020-12-17T08:04:45.041Z
796,168,Neville Blake,2020-05-16T23:14:24Z,shipped,2020-05-28T15:15:38.099Z
797,150,Jordan Cochran,2019-03-15T08:16:33Z,returned,2019-03-20T14:17:22.027Z
798,100,Aquila Mccray,2021-09-03T11:22:19Z,shipped,2021-09-13T06:22:45.087Z
799,18,Ila Kirk,2019-12-02T22:18:56Z,shipped,2019-12-15T22:19:00.079Z
800,17,Ignatius Bradford,2021-10-13T02:50:07Z,shipped,2021-10-24T05:50:54.015Z
801,397,Roanna Paul,2019-02-03T23:27:48Z,shipped,2019-02-14T12:29:01.024Z
802,467,Daria Molina,2021-09-19T00:03:40Z,placed,2021-09-23T20:05:19.062Z
803,52,Eve Mueller,2021-05-25T17:57:49Z,shipped,2021-05-31T09:58:15.031Z
804,462,Olivia Mccarty,2020-11-25T23:29:13Z,placed,2020-12-01T12:29:52.085Z
805,319,Benedict Velasquez,2018-11-27T03:55:35Z,shipped,2018-12-06T13:55:52.06Z
806,101,Kamal Miranda,2018-04-05T06:05:45Z,placed,2018-04-11T13:06:29.044Z
807,284,Reuben Skinner,2019-06-27T02:45:34Z,shipped,2019-06-30T19:45:56.09Z
808,417,Quamar Franco,2021-12-17T15:04:34Z,returned,2021-12-20T19:06:05.002Z
809,158,Jenna Pitts,2021-03-08T14:58:23Z,shipped,2021-03-17T08:59:46.09Z
810,405,McKenzie Merritt,2019-05-06T02:43:38Z,shipped,2019-05-10T03:44:40.082Z
811,435,Noel Becker,2019-12-12T12:30:25Z,shipped,2019-12-22T06:30:44.059Z
812,419,Winter Pennington,2019-04-18T07:01:06Z,shipped,2019-04-28T08:01:15.077Z
813,190,Drake Davis,2021-05-30T13:32:00Z,shipped,2021-06-06T22:33:36.044Z
814,15,Rajah Singleton,2021-06-11T12:36:36Z,returned,2021-06-24T04:37:06.093Z
815,98,Alfreda Madden,2020-06-17T22:00:53Z,shipped,2020-06-24T10:01:51.034Z
816,380,Caryn Munoz,2021-10-24T20:00:18Z,shipped,2021-10-29T04:01:50.093Z
817,282,Chandler Noble,2019-10-08T23:33:35Z,returned,2019-10-13T09:34:20.002Z
818,353,Callie Meyer,2020-07-17T18:35:21Z,shipped,2020-07-21T05:36:32.091Z
819,5,Ciara Patterson,2021-01-02T08:36:28Z,shipped,2021-01-09T09:37:55.008Z
820,357,Aquila Howell,2019-01-27T07:19:18Z,shipped,2019-02-01T15:19:39.082Z
821,189,Lionel Rose,2020-04-28T03:54:31Z,returned,2020-05-06T03:55:48.026Z
822,345,Malachi Snow,2021-01-11T20:24:43Z,shipped,2021-01-22T05:26:12.008Z
823,440,Grady Gillespie,2021-06-10T22:15:45Z,shipped,2021-06-16T18:16:51.02Z
824,410,Raymond Barr,2020-07-09T17:53:38Z,placed,2020-07-15T09:55:00.054Z
825,266,Ronan Baker,2021-07-30T19:31:35Z,returned,2021-08-10T03:33:01.034Z
826,106,Marah Gregory,2021-07-08T17:48:30Z,returned,2021-07-16T19:49:43.073Z
827,61,Alyssa Wheeler,2021-01-01T14:04:06Z,shipped,2021-01-04T22:05:29.011Z
828,456,Paul Gates,2018-11-22T04:52:56Z,shipped,2018-11-30T06:53:44.061Z
829,243,Harding Witt,2021-12-15T14:34:38Z,returned,2021-12-25T13:36:17.006Z
830,128,Hu Baird,2020-07-13T10:39:21Z,shipped,2020-07-23T08:40:16.05Z
831,231,Marah Rosario,2021-09-16T09:23:07Z,shipped,2021-09-28T02:24:30.011Z
832,68,Neville Ray,2018-04-20T16:12:38Z,placed,2018-04-30T16:13:32.051Z
833,96,Nita Moss,2018-09-14T07:08:02Z,returned,2018-09-20T16:09:24.091Z
834,361,Aurelia Roberts,2020-02-20T21:15:33Z,returned,2020-03-01T08:15:46.098Z
835,68,David Wagner,2020-12-24T10:14:22Z,returned,2020-12-28T11:15:50.029Z
836,43,Luke Thornton,2020-11-14T19:28:34Z,returned,2020-11-19T08:29:39.067Z
837,185,Hyatt Patrick,2021-12-03T11:23:30Z,shipped,2021-12-11T13:23:37.028Z
838,477,Melvin Rosales,2018-12-11T07:03:54Z,shipped,2018-12-21T10:05:17.077Z
839,428,Patrick Dominguez,2021-08-26T07:53:32Z,returned,2021-08-30T03:54:09.049Z
840,386,Amos Hayden,2021-08-27T07:03:01Z,shipped,2021-09-09T22:03:29.013Z
841,197,Tate Berry,2019-08-02T13:36:35Z,shipped,2019-08-12T07:37:08.075Z
842,404,Deanna Mercado,2021-07-13T00:01:15Z,returned,2021-07-18T12:02:52.03Z
843,472,Quyn Wells,2019-11-27T19:32:05Z,returned,2019-12-04T03:33:40.003Z
844,336,Zelenia Lewis,2018-04-03T13:53:43Z,placed,2018-04-17T12:53:47.007Z
845,248,Nevada Townsend,2021-03-27T05:37:57Z,shipped,2021-04-01T06:38:07.059Z
846,102,Michelle Macias,2018-10-08T03:29:02Z,placed,2018-10-16T18:30:29.07Z
847,42,Lunea Ewing,2020-01-31T21:41:10Z,shipped,2020-02-02T02:42:09.1Z
848,413,Xaviera Carey,2020-12-18T01:47:31Z,shipped,2020-12-30T21:47:38.042Z
849,83,Wendy Holden,2020-10-14T16:17:31Z,placed,2020-10-25T23:18:12.057Z
850,128,Olivia Collier,2021-01-30T10:41:36Z,returned,2021-02-11T16:42:17.065Z
851,1,Kyla Conner,2020-01-01T21:25:40Z,placed,2020-01-05T20:25:51.017Z
852,357,Olympia Haley,2019-04-20T05:33:13Z,shipped,2019-04-24T03:33:39.084Z
853,209,Cody Reilly,2018-03-16T16:20:13Z,shipped,2018-03-20T16:20:53.095Z
854,87,Sacha Baxter,2019-10-11T14:49:35Z,shipped,2019-10-22T18:50:37.046Z
855,481,Kalia Reid,2019-01-11T00:16:45Z,placed,2019-01-20T01:18:01.079Z
856,38,Hayes Campbell,2020-03-21T20:11:50Z,shipped,2020-03-25T00:13:02.073Z
857,377,Chastity Cline,2020-10-17T14:16:59Z,returned,2020-10-25T14:17:29.021Z
858,186,Orli Sherman,2019-07-28T15:10:05Z,returned,2019-08-05T07:10:48.082Z
859,363,Benjamin Ward,2019-01-02T10:31:32Z,shipped,2019-01-14T05:33:06.093Z
860,139,Hilary Cummings,2019-05-06T18:55:49Z,returned,2019-05-13T13:57:15.065Z
861,105,Aphrodite Turner,2018-04-07T03:46:27Z,placed,2018-04-14T21:47:59.067Z
862,186,Chadwick Carroll,2021-08-17T16:30:51Z,returned,2021-08-23T12:30:55.005Z
863,128,Elliott Woods,2021-03-09T23:23:11Z,shipped,2021-03-20T03:24:13.041Z
864,192,Malachi Lancaster,2018-07-18T23:33:03Z,placed,2018-08-01T18:34:25.023Z
865,74,Fritz Mcpherson,2020-01-22T19:16:11Z,shipped,2020-01-27T05:16:34.008Z
866,484,Clio Rogers,2020-07-11T10:35:33Z,returned,2020-07-18T18:36:22.015Z
867,435,Shoshana Good,2019-03-05T11:16:12Z,shipped,2019-03-11T03:16:21.049Z
868,252,Porter Gates,2020-09-20T05:06:00Z,returned,2020-09-29T23:06:11.038Z
869,369,Macon Garner,2021-12-30T21:07:18Z,shipped,2022-01-08T10:07:29.001Z
870,455,Marcia Holcomb,2018-01-12T19:39:46Z,shipped,2018-01-21T02:39:49.025Z
871,66,Doris Burks,2019-11-30T11:40:34Z,shipped,2019-12-05T02:41:53.056Z
872,195,Clare Hall,2020-09-14T02:37:42Z,shipped,2020-09-18T16:38:38.038Z
873,271,Cairo Garrett,2021-09-19T22:27:15Z,returned,2021-09-30T09:28:09.025Z
874,32,Penelope Macias,2021-01-18T15:43:39Z,shipped,2021-01-24T22:45:15.011Z
875,492,Illiana French,2018-07-31T10:31:51Z,shipped,2018-08-05T03:32:24.023Z
876,83,Ifeoma Lewis,2021-11-07T05:43:29Z,shipped,2021-11-17T19:44:27.045Z
877,326,Ivor Trevino,2019-12-17T22:18:03Z,returned,2019-12-25T10:19:04.026Z
878,258,David Bolton,2021-02-17T20:22:37Z,placed,2021-02-26T14:24:07.008Z
879,453,Walker Gibbs,2020-02-16T18:40:40Z,returned,2020-02-27T04:41:37.009Z
880,114,Rashad Wilkerson,2020-01-06T14:37:19Z,placed,2020-01-08T04:38:45.029Z
881,248,Byron Mcgee,2018-12-17T04:40:18Z,shipped,2018-12-21T17:40:22.1Z
882,122,Aline Bray,2021-09-29T17:38:15Z,returned,2021-10-05T07:38:44.037Z
883,135,Fitzgerald Browning,2020-04-22T21:59:15Z,shipped,2020-04-28T02:00:43.011Z
884,186,Sierra Pacheco,2021-03-26T08:09:30Z,returned,2021-04-03T21:11:04.022Z
885,183,Bruno Gonzales,2020-12-03T19:20:04Z,shipped,2020-12-08T12:20:45.076Z
886,463,Hedda Horn,2019-05-11T17:49:23Z,shipped,2019-05-14T01:51:03.097Z
887,254,Warren Lowe,2021-10-25T13:18:30Z,shipped,2021-11-05T16:19:26.077Z
888,336,Ryder O'donnell,2020-09-06T15:33:26Z,placed,2020-09-16T09:34:59.061Z
889,404,Brent Rasmussen,2019-07-18T02:06:54Z,placed,2019-07-26T22:07:18.068Z
890,7,Megan Banks,2018-08-29T13:23:43Z,shipped,2018-09-12T13:24:47.026Z
891,125,Warren Riggs,2018-10-04T06:49:47Z,placed,2018-10-15T17:50:56.023Z
892,485,Aladdin Merrill,2020-12-16T00:02:28Z,shipped,2020-12-21T20:03:05.098Z
893,19,Bevis Delgado,2021-10-09T07:33:13Z,shipped,2021-10-13T03:34:40.045Z
894,86,Lee Baxter,2019-06-12T07:49:19Z,returned,2019-06-23T02:49:25.088Z
895,450,Thane Newton,2020-03-21T16:54:56Z,placed,2020-03-26T23:56:13.07Z
896,71,Naomi Stuart,2021-03-29T21:36:24Z,shipped,2021-04-06T04:37:19.078Z
897,398,Quinlan Rojas,2019-02-04T17:00:59Z,shipped,2019-02-11T18:01:20.064Z
898,90,Ryder Gill,2019-12-08T08:48:00Z,placed,2019-12-13T07:48:13.094Z
899,54,Conan Mcgee,2020-11-28T11:02:07Z,placed,2020-12-06T08:03:10.096Z
900,451,Quinn Velasquez,2021-06-30T21:44:42Z,shipped,2021-07-09T22:46:18.019Z
901,139,August Lambert,2020-11-27T16:43:28Z,placed,2020-12-02T08:44:48.009Z
902,234,Noah Park,2021-07-02T03:47:06Z,shipped,2021-07-07T06:47:43.057Z
903,119,Danielle Hays,2021-12-06T04:51:44Z,returned,2021-12-13T01:53:11.044Z
904,371,Lucas Vaughn,2018-02-24T04:44:34Z,returned,2018-03-03T20:45:26.077Z
905,262,Lionel Lara,2020-05-24T23:44:50Z,shipped,2020-05-28T01:46:18.084Z
906,46,Jackson Spence,2021-05-11T17:15:36Z,shipped,2021-05-20T13:16:32.049Z
907,393,Orson Nelson,2020-10-16T00:49:45Z,shipped,2020-10-21T20:50:33.022Z
908,18,Wendy Peck,2021-01-18T20:01:04Z,shipped,2021-02-01T18:02:31.028Z
909,450,Sara Mays,2019-03-02T00:35:32Z,shipped,2019-03-07T16:35:42.007Z
910,370,Kimberley Alexander,2018-09-21T05:08:36Z,shipped,2018-09-26T15:09:57.097Z
911,346,Merritt Berg,2018-07-29T09:01:44Z,shipped,2018-08-10T13:03:02.055Z
912,114,Wade Hopper,2020-05-22T11:47:24Z,shipped,2020-05-31T19:48:03.021Z
913,310,Abdul Boyle,2021-07-10T06:15:09Z,returned,2021-07-11T23:16:14.02Z
914,419,Xander Lawson,2020-10-18T01:36:15Z,returned,2020-10-25T23:37:15.096Z
915,370,Hayes Young,2019-12-02T03:14:54Z,shipped,2019-12-07T06:15:11.085Z
916,56,Reuben Thomas,2019-01-14T12:56:46Z,shipped,2019-01-24T08:57:37.026Z
917,103,Gage Holman,2020-07-03T23:00:33Z,returned,2020-07-13T18:01:00.078Z
918,162,Heidi Blackwell,2021-08-28T12:23:52Z,shipped,2021-09-08T04:23:54.021Z
919,57,Rahim Silva,2021-09-03T03:16:43Z,placed,2021-09-10T19:17:09.09Z
920,336,Lee Montoya,2018-02-13T13:35:34Z,returned,2018-02-20T19:36:10.049Z
921,181,Nolan Tate,2018-06-25T22:09:24Z,returned,2018-07-02T10:10:55.051Z
922,414,Alvin Chandler,2018-05-17T00:04:26Z,shipped,2018-05-22T22:05:18.083Z
923,448,Colette Espinoza,2019-07-28T00:16:52Z,returned,2019-08-07T22:18:15.024Z
924,168,Rooney Garcia,2018-05-15T07:14:10Z,returned,2018-05-20T01:14:48.045Z
925,291,Zachery Woodard,2019-12-30T11:41:17Z,shipped,2020-01-06T02:41:30.092Z
926,34,Brenden Perry,2021-07-31T10:51:07Z,shipped,2021-08-08T03:52:13.053Z
927,171,Zephr Dorsey,2019-09-26T05:20:26Z,shipped,2019-09-30T14:21:49.046Z
928,180,Akeem Tate,2019-08-13T10:47:50Z,shipped,2019-08-21T02:48:35.066Z
929,202,Gavin Campos,2020-11-12T12:44:56Z,returned,2020-11-18T12:46:26.03Z
930,402,Aidan Mcleod,2021-05-28T17:22:40Z,returned,2021-06-02T08:23:14.048Z
931,223,Jillian Hudson,2019-01-14T21:44:14Z,returned,2019-01-24T20:45:36.04Z
932,10,Kermit Talley,2021-02-13T09:37:54Z,shipped,2021-02-18T16:39:15.072Z
933,123,Maite Rutledge,2018-04-07T20:31:06Z,placed,2018-04-13T16:32:23.018Z
934,474,Kareem Cantu,2018-11-13T11:03:42Z,shipped,2018-11-24T00:04:08.032Z
935,277,Cara Macias,2019-07-02T16:18:19Z,returned,2019-07-08T12:19:51.014Z
936,267,Daquan Cooper,2018-11-20T16:46:20Z,returned,2018-11-29T12:46:31.089Z
937,476,Gillian Salazar,2020-03-19T12:21:01Z,placed,2020-03-28T14:21:57.051Z
938,430,Britanni Fulton,2019-09-08T01:15:21Z,shipped,2019-09-19T03:15:39.012Z
939,319,Paula Frank,2018-03-14T18:52:55Z,shipped,2018-03-19T01:53:22.057Z
940,285,Leo Wolfe,2018-06-28T20:00:00Z,placed,2018-07-07T07:00:04.048Z
941,136,Dorian Walsh,2018-08-27T02:55:33Z,shipped,2018-09-06T01:56:30.061Z
942,254,Nash Avila,2020-11-12T18:17:42Z,returned,2020-11-23T03:17:59.05Z
943,268,Charde Head,2018-05-15T08:12:50Z,returned,2018-05-26T22:14:06.04Z
944,223,Keane Dickson,2019-05-19T21:03:30Z,returned,2019-05-29T13:05:08.001Z
945,458,Dustin Mcbride,2020-10-24T11:18:04Z,placed,2020-11-04T07:19:33.033Z
946,45,Jasper Salas,2018-07-09T09:28:33Z,placed,2018-07-18T22:29:08.049Z
947,454,Cody Morse,2020-12-22T11:09:19Z,shipped,2020-12-27T01:10:38.078Z
948,479,Armando Johnston,2021-02-24T10:19:02Z,shipped,2021-02-26T01:20:18.099Z
949,24,Jonah Ballard,2018-03-24T09:54:37Z,placed,2018-03-31T16:55:18.004Z
950,380,Armando Wells,2021-08-19T22:19:20Z,returned,2021-08-24T04:19:51.015Z
951,154,Josephine Pate,2018-09-06T16:08:07Z,shipped,2018-09-10T18:08:46.04Z
952,62,Rogan Hanson,2020-12-11T12:02:00Z,placed,2020-12-13T22:03:07.004Z
953,372,Stuart Hogan,2019-07-10T08:08:29Z,returned,2019-07-16T14:09:26.061Z
954,473,Kyla Sparks,2020-04-19T13:52:16Z,placed,2020-05-02T00:52:51.002Z
955,233,Wilma Baird,2018-07-24T14:04:39Z,shipped,2018-07-28T20:05:03.029Z
956,159,Zephania Reilly,2019-05-08T23:33:04Z,shipped,2019-05-19T01:34:04.084Z
957,28,Fiona Patton,2021-08-23T04:32:36Z,placed,2021-08-28T10:33:34.078Z
958,405,Kelly Schneider,2021-05-03T17:19:08Z,shipped,2021-05-13T12:19:27.097Z
959,270,Keaton Cortez,2021-08-13T05:10:04Z,returned,2021-08-19T09:10:55.013Z
960,91,Xavier Fisher,2020-12-02T15:17:39Z,shipped,2020-12-08T09:18:50.04Z
961,57,Kuame Manning,2021-08-04T11:52:41Z,shipped,2021-08-11T15:53:38.041Z
962,185,Hyatt Weaver,2020-07-13T19:02:45Z,returned,2020-07-18T00:02:47.001Z
963,118,Jasper Olson,2018-10-25T18:46:19Z,returned,2018-10-30T14:47:50.087Z
964,76,Derek Wright,2021-11-05T19:06:13Z,shipped,2021-11-09T17:06:31.061Z
965,11,Iris Small,2018-01-22T21:23:05Z,shipped,2018-01-29T01:23:08.067Z
966,214,Wendy Fischer,2018-09-04T20:21:50Z,shipped,2018-09-12T09:22:16.091Z
967,478,Malcolm Hoffman,2018-06-21T06:19:13Z,shipped,2018-06-28T16:19:50.073Z
968,439,Forrest Santana,2021-09-07T08:04:52Z,placed,2021-09-19T01:05:48.057Z
969,124,Audrey Kim,2020-01-06T15:42:39Z,shipped,2020-01-17T10:44:14.077Z
970,93,Catherine Pate,2021-05-07T02:36:23Z,shipped,2021-05-17T17:36:54.028Z
971,314,Oleg Haney,2019-08-12T20:23:45Z,shipped,2019-08-22T13:25:25.076Z
972,333,Medge Diaz,2018-02-02T19:01:31Z,returned,2018-02-10T08:02:55.09Z
973,51,Hashim Fowler,2019-02-13T20:44:55Z,placed,2019-02-18T08:45:45.082Z
974,22,Grady Lloyd,2019-01-30T18:31:29Z,placed,2019-02-08T17:31:32.096Z
975,316,Avram Abbott,2018-07-26T15:38:55Z,shipped,2018-07-30T04:40:32.016Z
976,386,MacKenzie Cantrell,2019-05-14T14:38:38Z,placed,2019-05-25T03:39:11.042Z
977,376,Samuel Roberts,2018-06-10T21:28:00Z,shipped,2018-06-16T00:28:54.075Z
978,78,Myles Molina,2020-03-14T05:15:27Z,returned,2020-03-27T17:16:45.064Z
979,170,Tamara Mcmillan,2020-01-10T00:20:38Z,returned,2020-01-17T22:21:13.068Z
980,264,Hayes Elliott,2018-11-04T20:49:39Z,shipped,2018-11-13T09:50:59.088Z
981,62,Hashim Pittman,2018-09-30T01:04:20Z,shipped,2018-10-06T02:05:52.021Z
982,131,Sierra Holden,2021-05-18T01:54:20Z,shipped,2021-05-26T05:55:13.018Z
983,269,Jennifer Bentley,2018-09-10T16:58:38Z,placed,2018-09-13T03:59:33.058Z
984,458,Cynthia Perez,2021-06-22T04:33:08Z,shipped,2021-06-28T03:34:28.092Z
985,59,Ariana Frederick,2020-10-07T20:47:27Z,placed,2020-10-20T21:48:38.024Z
986,132,Zachery Ray,2019-05-21T13:37:23Z,shipped,2019-05-28T14:38:51.052Z
987,120,Blythe Sawyer,2018-02-23T08:30:28Z,shipped,2018-02-27T00:31:01.04Z
988,167,Velma Booker,2019-11-08T05:47:31Z,shipped,2019-11-17T16:48:41.081Z
989,16,Gretchen Franklin,2021-09-10T01:08:17Z,placed,2021-09-21T16:09:57.042Z
990,61,Macey Christensen,2020-03-19T20:21:30Z,returned,2020-03-26T19:22:37.06Z
991,197,Zahir Warren,2021-10-30T08:39:24Z,placed,2021-11-10T11:40:46.004Z
992,142,Steel Patterson,2020-08-01T06:53:27Z,returned,2020-08-14T09:53:46.075Z
993,58,Jillian Curtis,2018-09-10T10:10:17Z,returned,2018-09-20T00:11:43.059Z
994,469,Rafael Clements,2018-11-30T02:55:33Z,shipped,2018-12-02T14:56:44.078Z
995,480,Dominique Mccarthy,2018-04-01T05:44:57Z,shipped,2018-04-09T11:45:16.077Z
996,49,Sybill Lawson,2020-07-22T09:38:05Z,shipped,2020-07-27T08:39:22.017Z
997,318,Tatyana Berger,2018-03-31T08:08:36Z,shipped,2018-04-07T21:09:53.092Z
998,172,Adrian Jordan,2020-04-03T00:28:59Z,shipped,2020-04-09T20:29:48.072Z
999,170,Deacon Cabrera,2018-03-15T12:19:57Z,shipped,2018-03-18T07:20:54.015Z
1000,360,Neil Melton,2020-04-18T23:00:14Z,returned,2020-04-22T01:00:33.034Z
